keyword;keyword_type;syntax_highlight_type
&GLOBAL-DEFINE;Preprocessor;Preprocessor
&SCOPED-DEFINE;Preprocessor;Preprocessor
ABSOLUTE;Function;Keyword
ACCUMULATE;Statement;Statement
AMBIGUOUS;Attribute;Keyword
AMBIGUOUS;Function;Keyword
ANALYZE;Option;Keyword
APPL-ALERT-BOXES;Attribute;Keyword
ASCENDING;Option;Keyword
ATTR-SPACE;Attribute;Keyword
ATTR-SPACE;Option;Keyword
AUTO-COMPLETION;Attribute;Keyword
AUTO-COMPLETION;Option;Keyword
AUTO-INDENT;Attribute;Keyword
AUTO-RETURN;Attribute;Keyword
AUTO-RETURN;Option;Keyword
AUTO-ZAP;Attribute;Keyword
AVAILABLE;Attribute;Keyword
AVAILABLE;Function;Keyword
AVERAGE;Option;Keyword
BACKGROUND;Attribute;Keyword
BACKGROUND;Option;Keyword
BACKWARDS;Option;Keyword
BATCH-MODE;Attribute;Keyword
BEFORE-HIDE;Option;Keyword
BGCOLOR;Attribute;Keyword
BGCOLOR;Option;Keyword
BLOCK-LEVEL;Statement;Statement
BORDER-BOTTOM-CHARS;Attribute;Keyword
BORDER-BOTTOM-PIXELS;Attribute;Keyword
BORDER-LEFT-CHARS;Attribute;Keyword
BORDER-LEFT-PIXELS;Attribute;Keyword
BORDER-RIGHT-CHARS;Attribute;Keyword
BORDER-RIGHT-PIXELS;Attribute;Keyword
BORDER-TOP-CHARS;Attribute;Keyword
BORDER-TOP-PIXELS;Attribute;Keyword
BOX-SELECTABLE;Attribute;Keyword
BUTTONS;Option;Keyword
CASE-SENSITIVE;Attribute;Keyword
CASE-SENSITIVE;Option;Keyword
CENTERED;Attribute;Keyword
CENTERED;Option;Keyword
CHARACTER;Type;Type
CLEAR-SELECTION;Method;Keyword
CLEAR-SORT-ARROWS;Method;Keyword
COLUMN;Attribute;Keyword
COLUMN;Option;Keyword
COLON-ALIGNED;Option;Keyword
COLUMN-LABEL;Attribute;Keyword
COLUMN-LABEL;Option;Keyword
CONVERT-TO-OFFSET;Method;Keyword
CURRENT-ENVIRONMENT;Attribute;Keyword
CURRENT-LANGUAGE;Function;Keyword
CURRENT-LANGUAGE;Statement;Statement
CURSOR;Statement;Statement
DATA-ENTRY-RETURN;Attribute;Keyword
DATA-RELATION;Option;Keyword
DATA-TYPE;Attribute;Keyword
DATE-FORMAT;Attribute;Keyword
DBRESTRICTIONS;Function;Keyword
DBVERSION;Function;Keyword
DDE-ID;Attribute;Keyword
DEBUG;Method;Keyword
DEBUG;Option;Keyword
DECIMAL;Function;Keyword
DECIMAL;Type;Type
DEFINE;Statement;Statement
DEFAULT-EXTENSION;Option;Keyword
DEFAULT-NOXLATE;Option;Keyword
DEFAULT-BUTTON;Attribute;Keyword
DEFAULT-BUTTON;Option;Keyword
DELETE;Method;Keyword
DELETE;Statement;Statement
DESCENDING;Option;Keyword
DICTIONARY;Statement;Statement
DISCONNECT;Method;Keyword
DISCONNECT;Statement;Statement
DISPLAY;Option;Keyword
DISPLAY;Statement;Statement
DISPLAY-TYPE;Attribute;Keyword
EDGE-CHARS;Attribute;Keyword
EDGE-CHARS;Option;Keyword
EDGE-PIXELS;Attribute;Keyword
EDGE-PIXELS;Option;Keyword
ERROR-COLUMN;Attribute;Keyword
ERROR-STATUS;Handle;Keyword
EVENT-TYPE;Attribute;Keyword
EXCLUSIVE-LOCK;Option;Keyword
FGCOLOR;Attribute;Keyword
FGCOLOR;Option;Keyword
FILE-INFORMATION;Handle;Keyword
FILE-INFORMATION;Option;Keyword
FILE-OFFSET;Attribute;Keyword
FIRST-PROCEDURE;Attribute;Keyword
FIRST-TAB-ITEM;Attribute;Keyword
FOREGROUND;Attribute;Keyword
FORMAT;Attribute;Keyword
FORMAT;Option;Keyword
FORMATTED;Attribute;Keyword
FRAGMENT;Attribute;Keyword
FRAME;Attribute;Keyword
FRAME;Widget;Keyword
FRAME;Option;Keyword
FRAME;Statement;Statement
FRAME-INDEX;Function;Keyword
FRAME-SPACING;Attribute;Keyword
FRAME-VALUE;Function;Keyword
FRAME-VALUE;Statement;Statement
FROM-CHARS;Option;Keyword
FROM-CURRENT;Option;Keyword
FROM-PIXELS;Option;Keyword
FULL-HEIGHT-CHARS;Attribute;Keyword
FULL-HEIGHT-PIXELS;Attribute;Keyword
FULL-PATHNAME;Attribute;Keyword
FULL-WIDTH-CHARS;Attribute;Keyword
FULL-WIDTH-PIXELS;Attribute;Keyword
GATEWAYS;Function;Keyword
GET-BLUE-VALUE;Method;Keyword
GET-FILE-OFFSET;Method;Keyword
GET-GREEN-VALUE;Method;Keyword
GET-KEY-VALUE;Statement;Statement
GET-RED-VALUE;Method;Keyword
GET-SELECTED-WIDGET;Method;Keyword
GET-TEXT-HEIGHT-CHARS;Method;Keyword
GET-TEXT-HEIGHT-PIXELS;Method;Keyword
GET-TEXT-WIDTH-CHARS;Method;Keyword
GET-TEXT-WIDTH-PIXELS;Method;Keyword
GO-PENDING;Function;Keyword
GRAPHIC-EDGE;Attribute;Keyword
GRAPHIC-EDGE;Option;Keyword
GRID-FACTOR-HORIZONTAL;Attribute;Keyword
GRID-FACTOR-VERTICAL;Attribute;Keyword
GRID-UNIT-HEIGHT-CHARS;Attribute;Keyword
GRID-UNIT-HEIGHT-PIXELS;Attribute;Keyword
GRID-UNIT-WIDTH-CHARS;Attribute;Keyword
GRID-UNIT-WIDTH-PIXELS;Attribute;Keyword
HEIGHT-CHARS;Attribute;Keyword
HEIGHT-PIXELS;Attribute;Keyword
HORIZONTAL;Attribute;Keyword
HORIZONTAL;Option;Keyword
IMAGE-SIZE-CHARS;Option;Keyword
IMAGE-SIZE-PIXELS;Option;Keyword
INFORMATION;Option;Keyword
INHERIT-BGCOLOR;Attribute;Keyword
INHERIT-BGCOLOR;Option;Keyword
INHERIT-FGCOLOR;Attribute;Keyword
INHERIT-FGCOLOR;Option;Keyword
INITIAL;Attribute;Keyword
INITIAL;Option;Keyword
INPUT-OUTPUT;Option;Keyword
INPUT-OUTPUT;Statement;Statement
INSERT-BACKTAB;Method;Keyword
INSERT-TAB;Method;Keyword
INTEGER;Function;Keyword
INTEGER;Type;Type
IS-ATTR-SPACE;Function;Keyword
IS-LEAD-BYTE;Function;Keyword
IS-CLASS;Attribute;Keyword
KEEP-FRAME-Z-ORDER;Attribute;Keyword
KEYFUNCTION;Function;Keyword
KEY-FUNCTION;Option;Keyword
LABEL-BGCOLOR;Attribute;Keyword
LABEL-BGCOLOR;Option;Keyword
LABEL-DCOLOR;Attribute;Keyword
LABEL-DCOLOR;Option;Keyword
LABEL-FGCOLOR;Attribute;Keyword
LABEL-FGCOLOR;Option;Keyword
LABEL-PFCOLOR;Option;Keyword
LANGUAGES;Attribute;Keyword
LANGUAGES;Option;Keyword
LAST-EVENT;Handle;Keyword
LAST-PROCEDURE;Attribute;Keyword
LAST-TAB-ITEM;Attribute;Keyword
LEFT-ALIGNED;Option;Keyword
LINE-COUNTER;Function;Keyword
LISTING;Option;Keyword
LOAD-MOUSE-POINTER;Method;Keyword
LOGICAL;Function;Keyword
LOGICAL;Type;Type
MARGIN-HEIGHT-CHARS;Option;Keyword
MARGIN-HEIGHT-PIXELS;Option;Keyword
MARGIN-WIDTH-CHARS;Option;Keyword
MARGIN-WIDTH-PIXELS;Option;Keyword
MAXIMUM;Function;Keyword
MAXIMUM;Option;Keyword
MAX-HEIGHT-CHARS;Attribute;Keyword
MAX-HEIGHT-PIXELS;Attribute;Keyword
MAX-VALUE;Attribute;Keyword
MAX-VALUE;Option;Keyword
MAX-WIDTH-CHARS;Attribute;Keyword
MAX-WIDTH-PIXELS;Attribute;Keyword
MENU-KEY;Attribute;Keyword
MENU-MOUSE;Attribute;Keyword
MINIMUM;Function;Keyword
MINIMUM;Option;Keyword
MIN-COLUMN-WIDTH-CHARS;Attribute;Keyword
MIN-COLUMN-WIDTH-PIXELS;Attribute;Keyword
MIN-HEIGHT-CHARS;Attribute;Keyword
MIN-HEIGHT-PIXELS;Attribute;Keyword
MIN-VALUE;Attribute;Keyword
MIN-VALUE;Option;Keyword
MIN-WIDTH-CHARS;Attribute;Keyword
MIN-WIDTH-PIXELS;Attribute;Keyword
MODULO;Operator;Operator
MOUSE-POINTER;Attribute;Keyword
MOUSE-POINTER;Option;Keyword
MOVE-AFTER-TAB-ITEM;Method;Keyword
MOVE-BEFORE-TAB-ITEM;Method;Keyword
MOVE-COLUMN;Method;Keyword
MOVE-TO-BOTTOM;Method;Keyword
MOVE-TO-TOP;Method;Keyword
NEXT-TAB-ITEM;Attribute;Keyword
NO-ATTR-LIST;Option;Keyword
NO-FILL;Option;Keyword
NO-INHERIT-BGCOLOR;Option;Keyword
NO-INHERIT-FGCOLOR;Option;Keyword
NO-LABELS;Option;Keyword
NO-MESSAGE;Option;Keyword
NO-PREFETCH;Option;Keyword
NO-UNDERLINE;Option;Keyword
NO-VALIDATE;Attribute;Keyword
NO-VALIDATE;Option;Keyword
NUM-ALIASES;Function;Keyword
NUM-BUTTONS;Attribute;Keyword
NUM-COLUMNS;Attribute;Keyword
NUMERIC-FORMAT;Attribute;Keyword
NUM-LOCKED-COLUMNS;Attribute;Keyword
NUM-SELECTED-WIDGETS;Attribute;Keyword
ON-FRAME-BORDER;Attribute;Keyword
OS-DRIVES;Function;Keyword
PAGE-BOTTOM;Attribute;Keyword
PAGE-BOTTOM;Option;Keyword
PAGE-NUMBER;Function;Keyword
PAGE-WIDTH;Option;Keyword
PARAMETER;Attribute;Keyword
PARAMETER;Option;Keyword
PBE-HASH-ALGORITHM;Attribute;Keyword
PERSISTENT;Attribute;Keyword
PERSISTENT;Option;Keyword
PFCOLOR;Attribute;Keyword
PFCOLOR;Option;Keyword
PIXELS-PER-COLUMN;Attribute;Keyword
POPUP-MENU;Attribute;Keyword
POPUP-ONLY;Attribute;Keyword
PREPROCESS;Option;Keyword
PRESELECT;Option;Keyword
PREV-TAB-ITEM;Attribute;Keyword
PRIVATE-DATA;Attribute;Keyword
PROCEDURE;Option;Keyword
PROCEDURE;Statement;Statement
PROC-HANDLE;Function;Keyword
PROC-STATUS;Function;Keyword
PROGRESS-SOURCE;Attribute;Keyword
PROMPT-FOR;Statement;Statement
PROVERSION;Function;Keyword
PUT-KEY-VALUE;Statement;Statement
RCODE-INFORMATION;Option;Keyword
RECTANGLE;Widget;Keyword
RECTANGLE;Option;Keyword
RECTANGLE;Statement;Statement
RESIZABLE;Attribute;Keyword
RIGHT-ALIGNED;Option;Keyword
RETURN-INSERTED;Attribute;Keyword
RETURN-TO-START-DIR;Option;Keyword
RETURN-VALUE;Attribute;Keyword
RETURN-VALUE;Function;Keyword
SAX-COMPLETE;Option;Keyword
SCREEN-VALUE;Attribute;Keyword
SCROLLBAR-HORIZONTAL;Attribute;Keyword
SCROLLBAR-HORIZONTAL;Option;Keyword
SCROLLBAR-VERTICAL;Attribute;Keyword
SCROLLBAR-VERTICAL;Option;Keyword
SCROLLED-ROW-POSITION;Option;Keyword
SCROLL-TO-ITEM;Method;Keyword
send-sql-statement;Option;Keyword
SET-BLUE-VALUE;Method;Keyword
SET-GREEN-VALUE;Method;Keyword
SET-RED-VALUE;Method;Keyword
SETUSERID;Function;Keyword
SHARE-LOCK;Option;Keyword
SHOW-STATS;Statement;Statement
SIDE-LABELS;Attribute;Keyword
SIDE-LABELS;Option;Keyword
SIDE-LABEL-HANDLE;Attribute;Keyword
SIZE-CHARS;Option;Keyword
SIZE-PIXELS;Option;Keyword
STOPPED;Attribute;Keyword
STORED-PROCEDURE;Statement;Statement
SUB-MENU;Widget;Keyword
SUB-MENU;Option;Keyword
SUB-MENU;Statement;Statement
SUB-AVERAGE;Option;Keyword
SUB-MINIMUM;Option;Keyword
SUBSTITUTE;Function;Keyword
SUBSTRING;Function;Keyword
SUBSTRING;Statement;Statement
SUB-MAXIMUM;Option;Keyword
SUPPRESS-WARNINGS;Attribute;Keyword
SYSTEM-ALERT-BOXES;Attribute;Keyword
TEMP-DIRECTORY;Attribute;Keyword
TERMINAL;Function;Keyword
TERMINAL;Option;Keyword
TERMINAL;Statement;Statement
TITLE-BGCOLOR;Attribute;Keyword
TITLE-DCOLOR;Attribute;Keyword
TITLE-FGCOLOR;Attribute;Keyword
TITLE-FONT;Attribute;Keyword
TRUNCATE;Function;Keyword
UNBUFFERED;Option;Keyword
UNDERLINE;Option;Keyword
UNDERLINE;Statement;Statement
UNFORMATTED;Option;Keyword
VARIABLE;Option;Keyword
VERTICAL;Option;Keyword
VIRTUAL-HEIGHT-CHARS;Attribute;Keyword
VIRTUAL-HEIGHT-PIXELS;Attribute;Keyword
VIRTUAL-WIDTH-CHARS;Attribute;Keyword
VIRTUAL-WIDTH-PIXELS;Attribute;Keyword
WIDGET-ENTER;Attribute;Keyword
WIDGET-LEAVE;Attribute;Keyword
WIDTH-PIXELS;Attribute;Keyword
WINDOW-MAXIMIZED;Event;Keyword
WINDOW-STATE;Attribute;Keyword
WORK-TABLE;Option;Keyword
DYNAMIC-FUNCTION;Function;JumpStatement
LEAVE;Statement;JumpStatement
NEXT;Statement;JumpStatement
PUBLISH;Statement;JumpStatement
QUIT;Statement;JumpStatement
RETURN;Statement;JumpStatement
RUN;Statement;JumpStatement
UNDO;Statement;JumpStatement
&ANALYZE-RESUME;Appbuilder;Keyword
&ANALYZE-SUSPEND;Appbuilder;Keyword
ABSTRACT;Option;Keyword
ACCELERATOR;Attribute;Keyword
ACCELERATOR;Option;Keyword
ACCEPT-CHANGES;Method;Keyword
ACCEPT-ROW-CHANGES;Method;Keyword
AccountExpired;Property;Keyword
ACCUM;Function;Keyword
ACCUM;Option;Keyword
ActBufferId;Property;Keyword
ActIndexId;Property;Keyword
ActIOFileId;Property;Keyword
ActIOTypeId;Property;Keyword
ACTIVE;Attribute;Keyword
ACTIVE-FORM;Handle;Keyword
ACTIVE-WINDOW;Handle;Keyword
ActivityName;Property;Keyword
ACTOR;Attribute;Keyword
ActOtherId;Property;Keyword
ActRecordId;Property;Keyword
ActSpaceId;Property;Keyword
ActSummaryId;Property;Keyword
Add;Method;Keyword
ADD-BUFFER;Method;Keyword
ADD-CALC-COLUMN;Method;Keyword
ADD-COLUMNS-FROM;Method;Keyword
ADD-EVENTS-PROCEDURE;Method;Keyword
ADD-FIELDS-FROM;Method;Keyword
ADD-FIRST;Method;Keyword
ADD-HEADER-ENTRY;Method;Keyword
ADD-INDEX-FIELD;Method;Keyword
ADD-INTERVAL;Function;Keyword
ADD-LAST;Method;Keyword
ADD-LIKE-COLUMN;Method;Keyword
ADD-LIKE-FIELD;Method;Keyword
ADD-LIKE-INDEX;Method;Keyword
AddMessage;Method;Keyword
ADD-NEW-FIELD;Method;Keyword
ADD-NEW-INDEX;Method;Keyword
AddNull;Method;Keyword
AddNumber;Method;Keyword
ADD-PARENT-ID-RELATION;Method;Keyword
ADD-RELATION;Method;Keyword
ADD-SCHEMA-LOCATION;Method;Keyword
ADD-SOURCE-BUFFER;Method;Keyword
ADD-SUPER-PROCEDURE;Method;Keyword
ADM-DATA;Attribute;Keyword
AFTER;Option;Keyword
AFTER-BUFFER;Attribute;Keyword
AFTER-FILL;Event;Keyword
AFTER-ROW-FILL;Event;Keyword
AFTER-ROWID;Attribute;Keyword
AFTER-TABLE;Attribute;Keyword
ALERT-BOX;Option;Keyword
ALIAS;Function;Keyword
ALL;Option;Keyword
ALLOW-COLUMN-SEARCHING;Attribute;Keyword
AllowEdit;Property;Keyword
AllowNew;Property;Keyword
AllowRemove;Property;Keyword
ALLOW-REPLICATION;Option;Keyword
ALTER;Option;Keyword
ALTERNATE-KEY;Option;Keyword
ALWAYS;Option;Keyword
ALWAYS-ON-TOP;Attribute;Keyword
And;Method;Keyword
AND;Option;Keyword
ANSI-ONLY;Option;Keyword
ANY;Option;Keyword
ANY-KEY;Event;Keyword
ANY-PRINTABLE;Event;Keyword
ANYWHERE;Option;Keyword
APPEND;Option;Keyword
APPEND-CHILD;Method;Keyword
APPL-CONTEXT-ID;Attribute;Keyword
APPLICATION;Option;Keyword
APPLY-CALLBACK;Method;Keyword
APPSERVER-INFO;Attribute;Keyword
APPSERVER-PASSWORD;Attribute;Keyword
APPSERVER-USERID;Attribute;Keyword
ArchiveIndexStatistics;Property;Keyword
ArchiveTableStatistics;Property;Keyword
AreEqual;Method;Keyword
AreNotEqual;Method;Keyword
Array;Property;Keyword
ArrayIndex;Property;Keyword
ARRAY-MESSAGE;Option;Keyword
AS;Option;Keyword
as;Property;Keyword
ASC;Function;Keyword
Ascending;Property;Keyword
ASK-OVERWRITE;Option;Keyword
ASSEMBLY;Option;Keyword
ASSIGN;Option;Keyword
Assign;Method;Keyword
ASYNCHRONOUS;Attribute;Keyword
ASYNCHRONOUS;Option;Keyword
ASYNC-REQUEST-COUNT;Attribute;Keyword
ASYNC-REQUEST-HANDLE;Attribute;Keyword
AT;Option;Keyword
ATTACH-DATA-SOURCE;Method;Keyword
ATTACHED-PAIRLIST;Attribute;Keyword
ATTRIBUTE-NAMES;Attribute;Keyword
AUDIT-CONTROL;Handle;Keyword
AUDIT-ENABLED;Function;Keyword
AUDIT-EVENT-CONTEXT;Attribute;Keyword
AUDIT-POLICY;Handle;Keyword
AuthenticationAccess;Property;Keyword
AuthenticationFailed;Property;Keyword
AUTHENTICATION-FAILED;Method;Keyword
AUTHORIZATION;Option;Keyword
AUTO-DELETE;Attribute;Keyword
AUTO-DELETE-XML;Attribute;Keyword
AUTO-ENDKEY;Option;Keyword
AUTO-END-KEY;Attribute;Keyword
AUTO-END-KEY;Option;Keyword
AUTO-GO;Attribute;Keyword
AUTO-GO;Option;Keyword
AUTO-RESIZE;Attribute;Keyword
AutoSort;Property;Keyword
AutoSync;Property;Keyword
AUTO-SYNCHRONIZE;Attribute;Keyword
AutoUpdate;Property;Keyword
AUTO-VALIDATE;Attribute;Keyword
AVAILABLE-FORMATS;Attribute;Keyword
AVG;Option;Keyword
BACKSPACE;Event;Keyword
BACK-TAB;Event;Keyword
BandIndex;Property;Keyword
BASE;Option;Keyword
BASE64-DECODE;Function;Keyword
BASE64-ENCODE;Function;Keyword
BASE-ADE;Attribute;Keyword
BASE-KEY;Option;Keyword
BASIC-LOGGING;Attribute;Keyword
Batching;Property;Keyword
BATCH-SIZE;Attribute;Keyword
BEFORE;Option;Keyword
BEFORE-BUFFER;Attribute;Keyword
BEFORE-FILL;Event;Keyword
BEFORE-ROW-FILL;Event;Keyword
BEFORE-ROWID;Attribute;Keyword
BEFORE-TABLE;Attribute;Keyword
BEFORE-TABLE;Option;Keyword
BEGIN-EVENT-GROUP;Method;Keyword
BELL;Event;Keyword
BETWEEN;Option;Keyword
BIG-ENDIAN;Option;Keyword
BINARY;Option;Keyword
BIND;Option;Keyword
BIND-WHERE;Option;Keyword
BLANK;Attribute;Keyword
BLANK;Option;Keyword
BLINK;Option;Keyword
BlockId;Property;Keyword
BLOCK-ITERATION-DISPLAY;Attribute;Keyword
Boolean;Property;Keyword
BOX;Attribute;Keyword
BOX;Function;Keyword
BPMDataTypeName;Property;Keyword
BREAK;Option;Keyword
BRIGHT;Option;Keyword
BROWSE;Option;Keyword
BUFFER;Option;Keyword
BUFFER-CHARS;Attribute;Keyword
BUFFER-CHARS;Option;Keyword
BUFFER-COMPARE;Method;Keyword
BUFFER-COPY;Method;Keyword
BUFFER-CREATE;Method;Keyword
BUFFER-DELETE;Method;Keyword
BUFFER-FIELD;Attribute;Keyword
BUFFER-FIELD;Method;Keyword
BUFFER-GROUP-ID;Attribute;Keyword
BUFFER-GROUP-ID;Function;Keyword
BUFFER-GROUP-NAME;Attribute;Keyword
BUFFER-GROUP-NAME;Function;Keyword
BUFFER-HANDLE;Attribute;Keyword
BufferHdl;Property;Keyword
BUFFER-LINES;Attribute;Keyword
BUFFER-LINES;Option;Keyword
BufferName;Property;Keyword
BUFFER-NAME;Attribute;Keyword
BUFFER-NAME;Option;Keyword
BUFFER-RELEASE;Method;Keyword
BUFFER-TENANT-ID;Attribute;Keyword
BUFFER-TENANT-ID;Function;Keyword
BUFFER-TENANT-NAME;Attribute;Keyword
BUFFER-TENANT-NAME;Function;Keyword
BUFFER-VALIDATE;Method;Keyword
BUFFER-VALUE;Method;Keyword
BuffStatusId;Property;Keyword
BUTTON;Widget;Keyword
BUTTON;Option;Keyword
BY;Option;Keyword
BY-POINTER;Option;Keyword
BY-REFERENCE;Option;Keyword
BYTES-READ;Attribute;Keyword
BYTES-WRITTEN;Attribute;Keyword
BY-VALUE;Option;Keyword
BY-VARIANT-POINTER;Option;Keyword
C;Method;Keyword
CACHE;Attribute;Keyword
CACHE;Option;Keyword
CACHE-SIZE;Option;Keyword
CALL-NAME;Attribute;Keyword
CallStack;Property;Keyword
CALL-TYPE;Attribute;Keyword
CANCEL-BREAK;Method;Keyword
CANCEL-BUTTON;Attribute;Keyword
CANCEL-BUTTON;Option;Keyword
CancelCreateRow;Event;Keyword
CANCELLED;Attribute;Keyword
CANCEL-REQUESTS;Method;Keyword
CANCEL-REQUESTS-AFTER;Method;Keyword
CAN-CREATE;Attribute;Keyword
CAN-DELETE;Attribute;Keyword
CAN-DO;Function;Keyword
CAN-FIND;Function;Keyword
CAN-QUERY;Function;Keyword
CAN-READ;Attribute;Keyword
CAN-SET;Function;Keyword
CAN-WRITE;Attribute;Keyword
CAPS;Function;Keyword
CAREFUL-PAINT;Attribute;Keyword
CAST;Function;Keyword
CDECL;Option;Keyword
CHAINED;Option;Keyword
CHARACTER_LENGTH;Option;Keyword
CHARSET;Attribute;Keyword
CHECK;Option;Keyword
CHECKED;Attribute;Keyword
ChildAllowEdit;Property;Keyword
ChildAllowNew;Property;Keyword
ChildAllowRemove;Property;Keyword
CHILD-BUFFER;Attribute;Keyword
ChildInputValue;Property;Keyword
CHILD-NUM;Attribute;Keyword
Choices;Property;Keyword
CHOOSE;Event;Keyword
CHR;Function;Keyword
CLASS;Option;Keyword
CLASS-TYPE;Attribute;Keyword
CLEAR;Event;Keyword
CLEAR;Option;Keyword
Clear;Method;Keyword
CLEAR-APPL-CONTEXT;Method;Keyword
CLEAR-LOG;Method;Keyword
CLIENT-CONNECTION-ID;Attribute;Keyword
ClientContextId;Property;Keyword
CLIENT-TTY;Attribute;Keyword
CLIENT-TYPE;Attribute;Keyword
CLIENT-WORKSTATION;Attribute;Keyword
CLIPBOARD;Handle;Keyword
CLIPBOARD;Option;Keyword
Clone;Method;Keyword
CLONE-NODE;Method;Keyword
CLOSE;Event;Keyword
CLOSE-LOG;Method;Keyword
CODE;Attribute;Keyword
CODEBASE-LOCATOR;Handle;Keyword
CODEPAGE;Attribute;Keyword
CODEPAGE-CONVERT;Function;Keyword
COLLATE;Option;Keyword
COL-OF;Option;Keyword
COLON;Option;Keyword
COLOR;Option;Keyword
COLOR-TABLE;Handle;Keyword
COLUMN-BGCOLOR;Attribute;Keyword
COLUMN-CODEPAGE;Option;Keyword
COLUMN-DCOLOR;Attribute;Keyword
COLUMN-FGCOLOR;Attribute;Keyword
COLUMN-FONT;Attribute;Keyword
COLUMN-MOVABLE;Attribute;Keyword
COLUMN-OF;Option;Keyword
COLUMN-PFCOLOR;Attribute;Keyword
COLUMN-READ-ONLY;Attribute;Keyword
COLUMN-RESIZABLE;Attribute;Keyword
COLUMNS;Option;Keyword
COLUMN-SCROLLING;Attribute;Keyword
COM;Attribute;Keyword
COMBO-BOX;Widget;Keyword
COM-HANDLE;Attribute;Keyword
COMMAND;Option;Keyword
COMPARE;Function;Keyword
COMPARES;Option;Keyword
COMPILER;Handle;Keyword
Complement;Method;Keyword
COMPLETE;Attribute;Keyword
Complete;Method;Keyword
COMPLETE;Option;Keyword
COM-SELF;Handle;Keyword
CONDITIONAL;Option;Keyword
CONFIG-NAME;Attribute;Keyword
CONNECT;Event;Keyword
CONNECT;Option;Keyword
CONNECT;Method;Keyword
CONNECTED;Function;Keyword
CONNECTED;Method;Keyword
Connected;Property;Keyword
CONSTRUCTOR;Option;Keyword
CONTAINS;Option;Keyword
CONTENTS;Option;Keyword
CONTEXT;Option;Keyword
CONTEXT-HELP;Attribute;Keyword
CONTEXT-HELP;Option;Keyword
CONTEXT-HELP-FILE;Attribute;Keyword
CONTEXT-HELP-FILE;Option;Keyword
CONTEXT-HELP-ID;Attribute;Keyword
CONTEXT-HELP-ID;Option;Keyword
CONTEXT-POPUP;Option;Keyword
CONTROL;Option;Keyword
Control;Property;Keyword
CONTROL-BOX;Attribute;Keyword
CONTROL-FRAME;Widget;Keyword
Controls;Property;Keyword
CONVERT;Option;Keyword
CONVERT-;Option;Keyword
CONVERT-3D-COLORS;Attribute;Keyword
CONVERT-3D-COLORS;Option;Keyword
COPY-DATASET;Method;Keyword
COPY-SAX-ATTRIBUTES;Method;Keyword
COPY-TEMP-TABLE;Method;Keyword
Count;Property;Keyword
COUNT;Option;Keyword
COUNT-OF;Function;Keyword
COVERAGE;Attribute;Keyword
CPCASE;Attribute;Keyword
CPCOLL;Attribute;Keyword
CPINTERNAL;Attribute;Keyword
CPLOG;Attribute;Keyword
CPPRINT;Attribute;Keyword
CPRCODEIN;Attribute;Keyword
CPRCODEOUT;Attribute;Keyword
CPSTREAM;Attribute;Keyword
CPTERM;Attribute;Keyword
CRC-VALUE;Attribute;Keyword
Create;Method;Keyword
Created;Property;Keyword
CREATE-LIKE;Method;Keyword
CREATE-LIKE-SEQUENTIAL;Method;Keyword
CREATE-NODE;Method;Keyword
CREATE-NODE-NAMESPACE;Method;Keyword
CREATE-RESULT-LIST-ENTRY;Method;Keyword
CreateRow;Event;Keyword
CREATE-TEST-FILE;Option;Keyword
Creator;Property;Keyword
CURRENT;Option;Keyword
CURRENT_DATE;Option;Keyword
CURRENT-CHANGED;Attribute;Keyword
CURRENT-CHANGED;Function;Keyword
CURRENT-COLUMN;Attribute;Keyword
CURRENT-ITERATION;Attribute;Keyword
CURRENT-QUERY;Method;Keyword
CURRENT-REQUEST-INFO;Attribute;Keyword
CURRENT-RESPONSE-INFO;Attribute;Keyword
CURRENT-RESULT-ROW;Attribute;Keyword
CURRENT-RESULT-ROW;Function;Keyword
CURRENT-ROW-MODIFIED;Attribute;Keyword
CURRENT-VALUE;Function;Keyword
CURRENT-WINDOW;Attribute;Keyword
CURRENT-WINDOW;Handle;Keyword
CURSOR-CHAR;Attribute;Keyword
CURSOR-DOWN;Event;Keyword
CURSOR-LEFT;Event;Keyword
CURSOR-LINE;Attribute;Keyword
CURSOR-OFFSET;Attribute;Keyword
CURSOR-RIGHT;Event;Keyword
CURSOR-UP;Event;Keyword
Custom;Property;Keyword
DATABASE;Option;Keyword
DATA-BIND;Option;Keyword
DATASERVERS;Function;Keyword
DATASET;Attribute;Keyword
DATASET;Option;Keyword
DATASET-HANDLE;Option;Keyword
DATA-SOURCE;Attribute;Keyword
DATA-SOURCE;Option;Keyword
DATA-SOURCE-COMPLETE-MAP;Attribute;Keyword
DATA-SOURCE-MODIFIED;Attribute;Keyword
DATA-SOURCE-MODIFIED;Function;Keyword
DATA-SOURCE-ROWID;Attribute;Keyword
DataTypeName;Property;Keyword
DATE;Function;Keyword
DATETIME;Function;Keyword
DATETIME-TZ;Function;Keyword
DAY;Function;Keyword
DBCODEPAGE;Function;Keyword
DBCOLLATION;Function;Keyword
DB-CONTEXT;Attribute;Keyword
DB-LIST;Attribute;Keyword
DBNAME;Attribute;Keyword
DBNAME;Function;Keyword
DBPARAM;Function;Keyword
DB-REFERENCES;Attribute;Keyword
DB-REMOTE-HOST;Function;Keyword
DbStatusId;Property;Keyword
DBTASKID;Function;Keyword
DBTYPE;Function;Keyword
DCOLOR;Attribute;Keyword
DCOLOR;Option;Keyword
DDE-ERROR;Attribute;Keyword
DDE-ITEM;Attribute;Keyword
DDE-NAME;Attribute;Keyword
DDE-NOTIFY;Event;Keyword
DDE-TOPIC;Attribute;Keyword
DEBLANK;Attribute;Keyword
DEBLANK;Option;Keyword
DEBUG-ALERT;Attribute;Keyword
DEBUGGER;Handle;Keyword
DEBUG-LIST;Option;Keyword
DECIMALS;Attribute;Keyword
DECIMALS;Option;Keyword
DECLARE;Option;Keyword
DECLARE-NAMESPACE;Method;Keyword
DECRYPT;Function;Keyword
DEFAULT;Attribute;Keyword
DEFAULT;Option;Keyword
DEFAULT-ACTION;Event;Keyword
DEFAULT-BUFFER-HANDLE;Attribute;Keyword
DEFAULT-COMMIT;Attribute;Keyword
DEFAULT-STRING;Attribute;Keyword
DEFAULT-VALUE;Attribute;Keyword
DEFAULT-WINDOW;Handle;Keyword
DEFINED;Function;Keyword
DEFINE-USER-EVENT-MANAGER;Option;Keyword
DELEGATE;Option;Keyword
DELETE-CHAR;Method;Keyword
DELETE-CHARACTER;Event;Keyword
DELETE-CURRENT-ROW;Method;Keyword
DELETE-HEADER-ENTRY;Method;Keyword
DELETE-LINE;Method;Keyword
DELETE-NODE;Method;Keyword
DELETE-RESULT-LIST-ENTRY;Method;Keyword
DELETE-SELECTED-ROW;Method;Keyword
DELETE-SELECTED-ROWS;Method;Keyword
DELIMITER;Attribute;Keyword
DELIMITER;Option;Keyword
DESC;Option;Keyword
DESELECT-FOCUSED-ROW;Method;Keyword
DESELECTION;Event;Keyword
DESELECT-ROWS;Method;Keyword
DESELECT-SELECTED-ROW;Method;Keyword
DESTRUCTOR;Option;Keyword
DETACH-DATA-SOURCE;Method;Keyword
DIALOG-BOX;Widget;Keyword
DIALOG-BOX;Option;Keyword
DIR;Option;Keyword
DIRECTORY;Attribute;Keyword
DISABLE;Method;Keyword
DISABLE-AUTO-ZAP;Attribute;Keyword
DISABLE-AUTO-ZAP;Option;Keyword
DISABLE-CONNECTIONS;Method;Keyword
DISABLED;Option;Keyword
DISABLE-DUMP-TRIGGERS;Method;Keyword
DISABLE-LOAD-TRIGGERS;Method;Keyword
DISP;Option;Keyword
DISPLAY-MESSAGE;Method;Keyword
DISPLAY-TIMEZONE;Attribute;Keyword
Dispose;Method;Keyword
DISTINCT;Option;Keyword
DOMAIN-DESCRIPTION;Attribute;Keyword
DOMAIN-NAME;Attribute;Keyword
DOMAIN-TYPE;Attribute;Keyword
DOWN;Attribute;Keyword
DOWN;Event;Keyword
DOWN;Option;Keyword
DRAG-ENABLED;Attribute;Keyword
DROP;Option;Keyword
DROP-DOWN;Option;Keyword
DROP-DOWN-LIST;Option;Keyword
DROP-FILE-NOTIFY;Event;Keyword
DROP-TARGET;Attribute;Keyword
DROP-TARGET;Option;Keyword
ds-close-cursor;Option;Keyword
DSLOG-MANAGER;Handle;Keyword
DueDate;Property;Keyword
DUMP;Option;Keyword
DUMP-LOGGING-NOW;Method;Keyword
DYNAMIC;Attribute;Keyword
DYNAMIC-CAST;Function;Keyword
DYNAMIC-CURRENT-VALUE;Function;Keyword
DYNAMIC-INVOKE;Function;Keyword
DYNAMIC-NEXT-VALUE;Function;Keyword
DYNAMIC-PROPERTY;Function;Keyword
EACH;Option;Keyword
ECHO;Option;Keyword
EDIT-CAN-PASTE;Attribute;Keyword
EDIT-CAN-UNDO;Attribute;Keyword
EDIT-CLEAR;Method;Keyword
EDIT-COPY;Method;Keyword
EDIT-CUT;Method;Keyword
EDITING;Option;Keyword
EDITOR;Widget;Keyword
EDIT-PASTE;Method;Keyword
EDIT-UNDO;Method;Keyword
ELSE;Function;Keyword
EmbeddedWindow;Property;Keyword
EMPTY;Attribute;Keyword
EMPTY-DATASET;Method;Keyword
EMPTY-SELECTION;Event;Keyword
EMPTY-TEMP-TABLE;Method;Keyword
ENABLE;Method;Keyword
ENABLE-CONNECTIONS;Method;Keyword
ENABLED;Attribute;Keyword
ENABLED-FIELDS;Option;Keyword
ENABLE-EVENTS;Method;Keyword
ENCODE;Function;Keyword
ENCODING;Attribute;Keyword
ENCRYPT;Function;Keyword
ENCRYPT-AUDIT-MAC-KEY;Method;Keyword
ENCRYPTION-SALT;Attribute;Keyword
END;Option;Keyword
END;Event;Keyword
END_OF_ARRAY;Property;Keyword
END-BOX-SELECTION;Event;Keyword
END-DOCUMENT;Method;Keyword
END-ELEMENT;Method;Keyword
END-ERROR;Event;Keyword
END-EVENT-GROUP;Method;Keyword
END-FILE-DROP;Method;Keyword
ENDKEY;Event;Keyword
END-KEY;Option;Keyword
END-MOVE;Event;Keyword
END-RESIZE;Event;Keyword
END-ROW-RESIZE;Event;Keyword
END-SEARCH;Event;Keyword
END-SEARCH1;Event;Keyword
END-USER-PROMPT;Attribute;Keyword
ENTERED;Function;Keyword
ENTRY;Function;Keyword
ENTRY;Method;Keyword
ENTRY;Event;Keyword
ENTRY-TYPES-LIST;Attribute;Keyword
Equals;Method;Keyword
ERROR;Attribute;Keyword
ERROR;Function;Keyword
ERROR;Event;Keyword
ERROR;Option;Keyword
ERROR-OBJECT-DETAIL;Attribute;Keyword
ERROR-ROW;Attribute;Keyword
ERROR-STACK-TRACE;Attribute;Keyword
ERROR-STRING;Attribute;Keyword
ESC;Keyboard;Keyword
ESCAPE;Option;Keyword
ETIME;Function;Keyword
EVENT;Option;Keyword
EVENT-GROUP-ID;Attribute;Keyword
EVENT-PROCEDURE;Attribute;Keyword
EVENT-PROCEDURE-CONTEXT;Attribute;Keyword
EXCEPT;Option;Keyword
EXCLUSIVE-ID;Attribute;Keyword
EXCLUSIVE-WEB-USER;Option;Keyword
EXECUTION-LOG;Attribute;Keyword
EXISTS;Option;Keyword
EXP;Function;Keyword
EXPAND;Attribute;Keyword
EXPAND;Option;Keyword
EXPANDABLE;Attribute;Keyword
EXPANDABLE;Option;Keyword
EXPLICIT;Option;Keyword
EXPORT;Method;Keyword
EXPORT;Option;Keyword
EXPORT-PRINCIPAL;Method;Keyword
EXTENDED;Option;Keyword
EXTENT;Attribute;Keyword
EXTENT;Function;Keyword
EXTENT;Option;Keyword
EXTERNAL;Option;Keyword
F1;Keyboard;Keyword
F10;Keyboard;Keyword
F11;Keyboard;Keyword
F12;Keyboard;Keyword
F2;Keyboard;Keyword
F3;Keyboard;Keyword
F4;Keyboard;Keyword
F5;Keyboard;Keyword
F6;Keyboard;Keyword
F7;Keyboard;Keyword
F8;Keyboard;Keyword
F9;Keyboard;Keyword
FALSE;Option;Keyword
FETCH;Option;Keyword
FETCH-SELECTED-ROW;Method;Keyword
FIELD;Option;Keyword
FIELD-GROUP;Widget;Keyword
FieldIndex;Property;Keyword
FieldName;Property;Keyword
FIELDS;Option;Keyword
FILE;Option;Keyword
FILE-CREATE-DATE;Attribute;Keyword
FILE-CREATE-TIME;Attribute;Keyword
FileListId;Property;Keyword
FILE-MOD-DATE;Attribute;Keyword
FILE-MOD-TIME;Attribute;Keyword
FILENAME;Option;Keyword
FILE-NAME;Attribute;Keyword
FILE-SIZE;Attribute;Keyword
FILE-TYPE;Attribute;Keyword
FILL;Function;Keyword
FILL;Method;Keyword
FILLED;Attribute;Keyword
FILL-IN;Widget;Keyword
FILL-IN;Option;Keyword
FILL-MODE;Attribute;Keyword
FILL-WHERE-STRING;Attribute;Keyword
FILTERS;Option;Keyword
FilterValue;Property;Keyword
FINAL;Option;Keyword
FIND-BY-ROWID;Method;Keyword
FIND-CASE-SENSITIVE;Option;Keyword
FIND-CURRENT;Method;Keyword
FINDER;Option;Keyword
FIND-FAILED;Event;Keyword
FIND-FIRST;Method;Keyword
FIND-GLOBAL;Option;Keyword
FIND-LAST;Method;Keyword
FIND-NEXT-OCCURRENCE;Option;Keyword
FIND-PREV-OCCURRENCE;Option;Keyword
FIND-SELECT;Option;Keyword
FIND-UNIQUE;Method;Keyword
FIND-WRAP-AROUND;Option;Keyword
FIRST;Function;Keyword
FIRST;Option;Keyword
FIRST-ASYNCH-REQUEST;Option;Keyword
FIRST-ASYNC-REQUEST;Attribute;Keyword
FIRST-BUFFER;Attribute;Keyword
FIRST-CHILD;Attribute;Keyword
FIRST-COLUMN;Attribute;Keyword
FIRST-DATASET;Attribute;Keyword
FIRST-DATA-SOURCE;Attribute;Keyword
FIRST-FORM;Attribute;Keyword
FIRST-OBJECT;Attribute;Keyword
FIRST-OF;Function;Keyword
FIRST-OF;Method;Keyword
FIRST-QUERY;Attribute;Keyword
FIRST-SERVER;Attribute;Keyword
FIRST-SERVER-SOCKET;Attribute;Keyword
FIRST-SOCKET;Attribute;Keyword
FIT-LAST-COLUMN;Attribute;Keyword
FIT-LAST-COLUMN;Option;Keyword
FIXED-ONLY;Option;Keyword
FLAT-BUTTON;Attribute;Keyword
FLAT-BUTTON;Option;Keyword
FOCUS;Handle;Keyword
FOCUS;Option;Keyword
FOCUSED-ROW;Attribute;Keyword
FOCUSED-ROW-SELECTED;Attribute;Keyword
FONT;Attribute;Keyword
FONT;Option;Keyword
FONT-TABLE;Handle;Keyword
FOR;Option;Keyword
FORCE-FILE;Option;Keyword
FOREIGN-KEY-HIDDEN;Attribute;Keyword
FORM-INPUT;Attribute;Keyword
FORM-LONG-INPUT;Attribute;Keyword
FORWARD;Option;Keyword
FORWARD-ONLY;Attribute;Keyword
FORWARDS;Option;Keyword
FRAME-COL;Attribute;Keyword
FRAME-COL;Function;Keyword
FRAME-DB;Function;Keyword
FRAME-DOWN;Function;Keyword
FRAME-FIELD;Function;Keyword
FRAME-FILE;Function;Keyword
FRAME-LINE;Function;Keyword
FRAME-NAME;Attribute;Keyword
FRAME-NAME;Function;Keyword
FRAME-ROW;Attribute;Keyword
FRAME-ROW;Function;Keyword
FRAME-X;Attribute;Keyword
FRAME-Y;Attribute;Keyword
FREQUENCY;Attribute;Keyword
FREQUENCY;Option;Keyword
FROM;Option;Keyword
FUNCTION;Attribute;Keyword
FUNCTION-CALL-TYPE;Option;Keyword
GENERATE-MD;Option;Keyword
GENERATE-MD5;Option;Keyword
GENERATE-PBE-KEY;Function;Keyword
GENERATE-PBE-SALT;Function;Keyword
GENERATE-RANDOM-KEY;Function;Keyword
GENERATE-UUID;Function;Keyword
GET;Option;Keyword
GetAssignedTasks;Method;Keyword
GET-ATTR-CALL-TYPE;Option;Keyword
GET-ATTRIBUTE;Method;Keyword
GET-ATTRIBUTE-NODE;Method;Keyword
GetAvailableTasks;Method;Keyword
GET-BINARY-DATA;Method;Keyword
GET-BITS;Function;Keyword
GET-BROWSE-COLUMN;Method;Keyword
GET-BUFFER-HANDLE;Method;Keyword
GETBYTE;Option;Keyword
GET-BYTE;Function;Keyword
GET-BYTE-ORDER;Function;Keyword
GET-BYTES;Function;Keyword
GET-BYTES-AVAILABLE;Method;Keyword
GET-CALLBACK-PROC-CONTEXT;Method;Keyword
GET-CALLBACK-PROC-NAME;Method;Keyword
GET-CGI-LIST;Method;Keyword
GET-CGI-LONG-VALUE;Method;Keyword
GET-CGI-VALUE;Method;Keyword
GET-CHANGES;Method;Keyword
GetCharacter;Method;Keyword
GET-CHILD;Method;Keyword
GET-CHILD-RELATION;Method;Keyword
GetClass;Method;Keyword
GET-CLIENT;Method;Keyword
GET-CODEPAGE;Function;Keyword
GET-CODEPAGES;Function;Keyword
GET-COLLATION;Function;Keyword
GET-COLLATIONS;Function;Keyword
GET-COLUMN;Method;Keyword
GetCOMHandle;Method;Keyword
GET-CONFIG-VALUE;Method;Keyword
GET-CURRENT;Method;Keyword
GET-DATASET-BUFFER;Method;Keyword
GetDataSlots;Method;Keyword
GetDataSlotTemplates;Method;Keyword
GetDate;Method;Keyword
GetDatetime;Method;Keyword
GetDatetimeTZ;Method;Keyword
GET-DB-CLIENT;Function;Keyword
GetDecimal;Method;Keyword
GET-DOCUMENT-ELEMENT;Method;Keyword
GET-DOUBLE;Function;Keyword
GET-DROPPED-FILE;Method;Keyword
GET-DYNAMIC;Method;Keyword
GET-EFFECTIVE-TENANT-ID;Function;Keyword
GET-EFFECTIVE-TENANT-NAME;Function;Keyword
GET-ERROR-COLUMN;Method;Keyword
GET-ERROR-ROW;Method;Keyword
GET-FILE-NAME;Method;Keyword
GET-FIRST;Method;Keyword
GET-FLOAT;Function;Keyword
GetHandle;Method;Keyword
GET-HEADER-ENTRY;Method;Keyword
GET-INDEX-BY-NAMESPACE-NAME;Method;Keyword
GET-INDEX-BY-QNAME;Method;Keyword
GetIndexInfoByID;Method;Keyword
GetIndexStatHistoryHandle;Method;Keyword
GET-INT;Option;Keyword
GetInt64;Method;Keyword
GET-INT64;Function;Keyword
GetInteger;Method;Keyword
GET-ITERATION;Method;Keyword
GetJsonArray;Method;Keyword
GetJsonObject;Method;Keyword
GetJsonText;Method;Keyword
GET-LAST;Method;Keyword
GET-LOCALNAME-BY-INDEX;Method;Keyword
GetLogical;Method;Keyword
GET-LONG;Function;Keyword
GetLongchar;Method;Keyword
GetMemptr;Method;Keyword
GetMessage;Method;Keyword
GET-MESSAGE;Method;Keyword
GetMessageNum;Method;Keyword
GET-MESSAGE-TYPE;Method;Keyword
GetNames;Method;Keyword
GET-NEXT;Method;Keyword
GET-NODE;Method;Keyword
GET-NUMBER;Method;Keyword
GET-PARENT;Method;Keyword
GET-POINTER-VALUE;Function;Keyword
GET-PREV;Method;Keyword
GET-PRINTERS;Method;Keyword
GetProcessTemplateList;Method;Keyword
GetProcessTemplateNames;Method;Keyword
GET-PROPERTY;Method;Keyword
GetPropertyValue;Method;Keyword
GET-QNAME-BY-INDEX;Method;Keyword
GetRaw;Method;Keyword
GetRecid;Method;Keyword
GET-RELATION;Method;Keyword
GET-REPOSITIONED-ROW;Method;Keyword
GET-RGB-VALUE;Method;Keyword
GET-ROW;Method;Keyword
GetRowid;Method;Keyword
GET-SERIALIZED;Method;Keyword
GET-SHORT;Function;Keyword
GET-SIGNATURE;Method;Keyword
GET-SIZE;Function;Keyword
GET-SOCKET-OPTION;Method;Keyword
GET-SOURCE-BUFFER;Method;Keyword
GET-STRING;Function;Keyword
GET-TAB-ITEM;Method;Keyword
GetTableInfoByID;Method;Keyword
GetTableInfoByPosition;Method;Keyword
GetTableStatHistoryHandle;Method;Keyword
GetTask;Method;Keyword
GET-TOP-BUFFER;Method;Keyword
GetType;Method;Keyword
GET-TYPE-BY-INDEX;Method;Keyword
GET-TYPE-BY-NAMESPACE-NAME;Method;Keyword
GET-TYPE-BY-QNAME;Method;Keyword
GET-UNSIGNED-LONG;Function;Keyword
GET-UNSIGNED-SHORT;Function;Keyword
GET-URI-BY-INDEX;Method;Keyword
GET-VALUE-BY-INDEX;Method;Keyword
GET-VALUE-BY-NAMESPACE-NAME;Method;Keyword
GET-VALUE-BY-QNAME;Method;Keyword
GetVSTHandle;Method;Keyword
GET-WAIT-STATE;Method;Keyword
GLOBAL;Option;Keyword
GO;Event;Keyword
GO-ON;Option;Keyword
GRANT;Option;Keyword
GRID-SNAP;Attribute;Keyword
GRID-VISIBLE;Attribute;Keyword
GROUP;Option;Keyword
GROUP-BOX;Attribute;Keyword
GROUP-BOX;Option;Keyword
GUID;Function;Keyword
HANDLE;Attribute;Keyword
Handle;Property;Keyword
HANDLE;Option;Keyword
HANDLE;Function;Keyword
HANDLER;Attribute;Keyword
Has;Method;Keyword
HAS-LOBS;Attribute;Keyword
HAS-RECORDS;Attribute;Keyword
HasStatics;Method;Keyword
HasWidgetPool;Method;Keyword
HAVING;Option;Keyword
HEADER;Option;Keyword
HEIGHT;Option;Keyword
Height;Property;Keyword
HELP;Attribute;Keyword
HELP;Event;Keyword
HELP;Option;Keyword
HELP-TOPIC;Option;Keyword
HEX-DECODE;Function;Keyword
HEX-ENCODE;Function;Keyword
HIDDEN;Attribute;Keyword
HINT;Option;Keyword
HOME;Event;Keyword
HonorProKeys;Property;Keyword
HonorReturnKey;Property;Keyword
HOST-BYTE-ORDER;Option;Keyword
HTML-CHARSET;Attribute;Keyword
HTML-END-OF-LINE;Attribute;Keyword
HTML-END-OF-PAGE;Attribute;Keyword
HTML-FRAME-BEGIN;Attribute;Keyword
HTML-FRAME-END;Attribute;Keyword
HTML-HEADER-BEGIN;Attribute;Keyword
HTML-HEADER-END;Attribute;Keyword
HTML-TITLE-BEGIN;Attribute;Keyword
HTML-TITLE-END;Attribute;Keyword
HWND;Attribute;Keyword
ICFPARAMETER;Attribute;Keyword
ICON;Attribute;Keyword
IF;Function;Keyword
IgnoreComments;Property;Keyword
IGNORE-CURRENT-MODIFIED;Attribute;Keyword
IMAGE;Attribute;Keyword
IMAGE;Widget;Keyword
IMAGE;Option;Keyword
IMAGE-DOWN;Attribute;Keyword
IMAGE-DOWN;Option;Keyword
IMAGE-INSENSITIVE;Attribute;Keyword
IMAGE-INSENSITIVE;Option;Keyword
IMAGE-SIZE;Option;Keyword
IMAGE-UP;Attribute;Keyword
IMAGE-UP;Option;Keyword
IMMEDIATE-DISPLAY;Attribute;Keyword
IMPLEMENTS;Option;Keyword
IMPORT-NODE;Method;Keyword
IMPORT-PRINCIPAL;Method;Keyword
IN;Option;Keyword
INCREMENT-EXCLUSIVE-ID;Method;Keyword
INDEX;Attribute;Keyword
INDEX;Function;Keyword
INDEX;Option;Keyword
INDEXED-REPOSITION;Option;Keyword
INDEX-HINT;Option;Keyword
INDEX-INFORMATION;Attribute;Keyword
INDEX-INFORMATION;Method;Keyword
IndexStatId;Property;Keyword
INDICATOR;Option;Keyword
IN-HANDLE;Attribute;Keyword
INHERITS;Option;Keyword
INITIAL-DIR;Option;Keyword
INITIAL-FILTER;Option;Keyword
INITIALIZE;Method;Keyword
INITIALIZE-DOCUMENT-TYPE;Method;Keyword
INITIATE;Method;Keyword
IN-MENU;Option;Keyword
INNER-CHARS;Attribute;Keyword
INNER-CHARS;Option;Keyword
INNER-LINES;Attribute;Keyword
INNER-LINES;Option;Keyword
INPUT;Function;Keyword
INPUT;Option;Keyword
InputValue;Property;Keyword
INPUT-VALUE;Attribute;Keyword
INSERT;Method;Keyword
INSERT-ATTRIBUTE;Method;Keyword
INSERT-BEFORE;Method;Keyword
INSERT-FILE;Method;Keyword
INSERT-ROW;Method;Keyword
INSERT-STRING;Method;Keyword
INSTANCIATING-PROCEDURE;Attribute;Keyword
INSTANTIATING-PROCEDURE;Attribute;Keyword
INT64;Function;Keyword
INTERFACE;Option;Keyword
INTERNAL-ENTRIES;Attribute;Keyword
INTERVAL;Function;Keyword
INTO;Option;Keyword
InvalidConfiguration;Property;Keyword
INVOKE;Method;Keyword
Is;Method;Keyword
IS;Option;Keyword
IsA;Method;Keyword
IsAbstract;Method;Keyword
IS-CODEPAGE-FIXED;Function;Keyword
IS-COLUMN-CODEPAGE;Function;Keyword
IS-DB-MULTI-TENANT;Function;Keyword
IsFinal;Method;Keyword
IsGreater;Method;Keyword
IsGreaterOrEqual;Method;Keyword
IsInterface;Method;Keyword
IS-JSON;Attribute;Keyword
IsLess;Method;Keyword
IsLessOrEqual;Method;Keyword
IS-MULTI-TENANT;Attribute;Keyword
IsNull;Method;Keyword
ISO-DATE;Function;Keyword
IS-OPEN;Attribute;Keyword
IS-PARAMETER-SET;Attribute;Keyword
IS-ROW-SELECTED;Method;Keyword
IS-SELECTED;Method;Keyword
IS-XML;Attribute;Keyword
ITEM;Option;Keyword
ITEMS-PER-ROW;Attribute;Keyword
ITERATION-CHANGED;Event;Keyword
JOIN;Option;Keyword
JOIN-BY-SQLDB;Option;Keyword
KBLABEL;Function;Keyword
KEEP-CONNECTION-OPEN;Attribute;Keyword
KEEP-MESSAGES;Option;Keyword
KEEP-SECURITY-CACHE;Attribute;Keyword
KEEP-TAB-ORDER;Option;Keyword
KEY;Attribute;Keyword
KEY;Option;Keyword
KEYCODE;Function;Keyword
KEY-CODE;Option;Keyword
KEYLABEL;Function;Keyword
KEY-LABEL;Option;Keyword
KEYS;Attribute;Keyword
KEYS;Option;Keyword
KEYWORD;Function;Keyword
KEYWORD-ALL;Function;Keyword
L;Method;Keyword
LABEL;Attribute;Keyword
LABEL;Option;Keyword
LABEL-FONT;Attribute;Keyword
LABEL-FONT;Option;Keyword
LABELS;Attribute;Keyword
LANDSCAPE;Option;Keyword
LARGE;Attribute;Keyword
LARGE;Option;Keyword
LARGE-TO-SMALL;Attribute;Keyword
LARGE-TO-SMALL;Option;Keyword
LAST;Function;Keyword
LAST;Option;Keyword
LAST-ASYNCH-REQUEST;Option;Keyword
LAST-ASYNC-REQUEST;Attribute;Keyword
LAST-BATCH;Attribute;Keyword
LAST-CHILD;Attribute;Keyword
LAST-FORM;Attribute;Keyword
LASTKEY;Function;Keyword
LAST-KEY;Option;Keyword
LAST-OBJECT;Attribute;Keyword
LAST-OF;Function;Keyword
LAST-OF;Method;Keyword
LAST-SERVER;Attribute;Keyword
LAST-SERVER-SOCKET;Attribute;Keyword
LAST-SOCKET;Attribute;Keyword
LC;Function;Keyword
LDBNAME;Function;Keyword
LEAVE;Event;Keyword
LEAVE;Option;Keyword
LEFT;Event;Keyword
LEFT;Option;Keyword
Left;Property;Keyword
LEFT-END;Event;Keyword
LEFT-MOUSE-CLICK;Event;Keyword
LEFT-MOUSE-DBLCLICK;Event;Keyword
LEFT-MOUSE-DOWN;Event;Keyword
LEFT-MOUSE-UP;Event;Keyword
LEFT-TRIM;Function;Keyword
LENGTH;Attribute;Keyword
LENGTH;Function;Keyword
Length;Property;Keyword
LIBRARY;Attribute;Keyword
LIBRARY;Function;Keyword
LIBRARY-CALLING-CONVENTION;Attribute;Keyword
LIKE;Option;Keyword
LIKE-SEQUENTIAL;Option;Keyword
LINE;Attribute;Keyword
LIST-EVENTS;Function;Keyword
LISTINGS;Attribute;Keyword
LIST-ITEM-PAIRS;Attribute;Keyword
LIST-ITEM-PAIRS;Option;Keyword
LIST-ITEMS;Attribute;Keyword
LIST-ITEMS;Option;Keyword
LIST-PROPERTY-NAMES;Method;Keyword
LIST-QUERY-ATTRS;Function;Keyword
LIST-SET-ATTRS;Function;Keyword
LIST-WIDGETS;Function;Keyword
LITERAL;Widget;Keyword
LITERAL-QUESTION;Attribute;Keyword
LITTLE-ENDIAN;Option;Keyword
LOAD;Option;Keyword
LOAD;Method;Keyword
LOAD-DOMAINS;Method;Keyword
LOAD-ICON;Method;Keyword
LOAD-IMAGE;Method;Keyword
LOAD-IMAGE-DOWN;Method;Keyword
LOAD-IMAGE-INSENSITIVE;Method;Keyword
LOAD-IMAGE-UP;Method;Keyword
LOAD-SMALL-ICON;Method;Keyword
LOB-DIR;Option;Keyword
LOCAL-HOST;Attribute;Keyword
LOCAL-NAME;Attribute;Keyword
LOCAL-PORT;Attribute;Keyword
LOCAL-VERSION-INFO;Attribute;Keyword
LOCATOR-COLUMN-NUMBER;Attribute;Keyword
LOCATOR-LINE-NUMBER;Attribute;Keyword
LOCATOR-PUBLIC-ID;Attribute;Keyword
LOCATOR-SYSTEM-ID;Attribute;Keyword
LOCATOR-TYPE;Attribute;Keyword
LOCKED;Attribute;Keyword
LOCKED;Function;Keyword
LOCK-REGISTRATION;Method;Keyword
LOG;Function;Keyword
LOG-AUDIT-EVENT;Method;Keyword
LOG-ENTRY-TYPES;Attribute;Keyword
LOGFILE-NAME;Attribute;Keyword
LOGGING-LEVEL;Attribute;Keyword
LOGIN-EXPIRATION-TIMESTAMP;Attribute;Keyword
LOGIN-HOST;Attribute;Keyword
LOGIN-STATE;Attribute;Keyword
LOG-MANAGER;Handle;Keyword
LOGOUT;Method;Keyword
LOG-THRESHOLD;Attribute;Keyword
LONGCHAR-TO-NODE-VALUE;Method;Keyword
LOOKAHEAD;Option;Keyword
LOOKUP;Function;Keyword
LOOKUP;Method;Keyword
LOWER;Function;Keyword
MACHINE-CLASS;Option;Keyword
MakeAvailable;Method;Keyword
MANDATORY;Attribute;Keyword
MANUAL-HIGHLIGHT;Attribute;Keyword
MAP;Option;Keyword
MARGIN-EXTRA;Option;Keyword
MARK-NEW;Method;Keyword
MARK-ROW-STATE;Method;Keyword
MAX;Option;Keyword
MAX-BUTTON;Attribute;Keyword
MAX-CHARS;Attribute;Keyword
MAX-CHARS;Option;Keyword
MaxDataGuess;Property;Keyword
MAX-DATA-GUESS;Attribute;Keyword
MAX-HEIGHT;Option;Keyword
MAXIMIZE;Option;Keyword
MAXIMUM-LEVEL;Attribute;Keyword
MAX-ROWS;Option;Keyword
MAX-SIZE;Option;Keyword
MaxTries;Property;Keyword
MAX-WIDTH;Option;Keyword
MD;Option;Keyword
MD5-DIGEST;Function;Keyword
MD5-VALUE;Attribute;Keyword
MEMBER;Function;Keyword
MEMPTR-TO-NODE-VALUE;Method;Keyword
MENU;Widget;Keyword
MENU;Option;Keyword
MENUBAR;Option;Keyword
MENU-BAR;Attribute;Keyword
MENU-DROP;Event;Keyword
MENU-ITEM;Widget;Keyword
MENU-ITEM;Option;Keyword
MERGE-BY-FIELD;Attribute;Keyword
MERGE-CHANGES;Method;Keyword
MERGE-ROW-CHANGES;Method;Keyword
MESSAGE;Option;Keyword
MESSAGE-AREA;Attribute;Keyword
MESSAGE-AREA-FONT;Attribute;Keyword
MESSAGE-DIGEST;Function;Keyword
MESSAGE-LINES;Function;Keyword
MESSAGES;Option;Keyword
METHOD;Option;Keyword
MIDDLE-MOUSE-CLICK;Event;Keyword
MIDDLE-MOUSE-DBLCLICK;Event;Keyword
MIDDLE-MOUSE-DOWN;Event;Keyword
MIDDLE-MOUSE-UP;Event;Keyword
MIN;Option;Keyword
MIN-BUTTON;Attribute;Keyword
MIN-SCHEMA-MARSHAL;Attribute;Keyword
MIN-SIZE;Option;Keyword
MissingCredentials;Property;Keyword
MODIFIED;Attribute;Keyword
MONTH;Function;Keyword
MOUSE;Option;Keyword
MOUSE-EXTEND-CLICK;Event;Keyword
MOUSE-EXTEND-DBLCLICK;Event;Keyword
MOUSE-EXTEND-DOWN;Event;Keyword
MOUSE-EXTEND-UP;Event;Keyword
MOUSE-MENU-CLICK;Event;Keyword
MOUSE-MENU-DBLCLICK;Event;Keyword
MOUSE-MENU-DOWN;Event;Keyword
MOUSE-MENU-UP;Event;Keyword
MOUSE-MOVE-CLICK;Event;Keyword
MOUSE-MOVE-DBLCLICK;Event;Keyword
MOUSE-MOVE-DOWN;Event;Keyword
MOUSE-MOVE-UP;Event;Keyword
MOUSE-SELECT-CLICK;Event;Keyword
MOUSE-SELECT-DBLCLICK;Event;Keyword
MOUSE-SELECT-DOWN;Event;Keyword
MOUSE-SELECT-UP;Event;Keyword
MOVABLE;Attribute;Keyword
MOVE-TO-EOF;Method;Keyword
MPE;Option;Keyword
MstrBlkId;Property;Keyword
MTIME;Function;Keyword
MULTI-COMPILE;Attribute;Keyword
MULTIPLE;Attribute;Keyword
MULTIPLE;Option;Keyword
MULTIPLE-KEY;Option;Keyword
MULTITASKING-INTERVAL;Attribute;Keyword
MUST-EXIST;Option;Keyword
MUST-UNDERSTAND;Attribute;Keyword
NAME;Attribute;Keyword
Name;Property;Keyword
NAMESPACE-PREFIX;Attribute;Keyword
NAMESPACE-PREFIX;Option;Keyword
NAMESPACE-URI;Attribute;Keyword
NAMESPACE-URI;Option;Keyword
NATIVE;Option;Keyword
NEEDS-APPSERVER-PROMPT;Attribute;Keyword
NEEDS-PROMPT;Attribute;Keyword
NESTED;Attribute;Keyword
NESTED;Option;Keyword
NEW;Attribute;Keyword
NEW;Function;Keyword
New;Method;Keyword
NEW;Option;Keyword
NEW-INSTANCE;Option;Keyword
NewRow;Property;Keyword
NEW-ROW;Attribute;Keyword
NEXT;Option;Keyword
NEXT-COLUMN;Attribute;Keyword
NextForm;Property;Keyword
NEXT-FRAME;Event;Keyword
NEXT-ROWID;Attribute;Keyword
NEXT-SIBLING;Attribute;Keyword
NEXT-SIBLING;Property;Keyword
NEXT-VALUE;Function;Keyword
NO;Option;Keyword
NO-APPLY;Option;Keyword
NO-ARRAY-MESSAGE;Option;Keyword
NO-ASSIGN;Option;Keyword
NO-ATTR-SPACE;Option;Keyword
NO-AUTO-VALIDATE;Option;Keyword
NO-BIND-WHERE;Option;Keyword
NO-BOX;Option;Keyword
NO-CONSOLE;Option;Keyword
NO-CONVERT;Option;Keyword
NO-CONVERT-3D-COLOR;Option;Keyword
NO-CURRENT-VALUE;Attribute;Keyword
NO-CURRENT-VALUE;Option;Keyword
NO-DEBUG;Option;Keyword
NODE-VALUE;Attribute;Keyword
NODE-VALUE-TO-LONGCHAR;Method;Keyword
NODE-VALUE-TO-MEMPTR;Method;Keyword
NO-DRAG;Option;Keyword
NO-ECHO;Option;Keyword
NO-EMPTY-SPACE;Attribute;Keyword
NO-EMPTY-SPACE;Option;Keyword
NO-ERROR;Option;Keyword
NO-FOCUS;Attribute;Keyword
NO-FOCUS;Option;Keyword
NO-HELP;Option;Keyword
NO-HIDE;Option;Keyword
NO-INDEX-HINT;Option;Keyword
NO-JOIN-BY-SQLDB;Option;Keyword
NoLOBs;Property;Keyword
NO-LOBS;Option;Keyword
NO-LOCK;Option;Keyword
NO-LOOKAHEAD;Option;Keyword
NO-MAP;Option;Keyword
NONAMESPACE-SCHEMA-LOCATION;Attribute;Keyword
NONE;Option;Keyword
NO-PAUSE;Option;Keyword
NORMAL;Option;Keyword
NORMALIZE;Function;Keyword
NORMALIZE;Method;Keyword
NO-ROW-MARKERS;Option;Keyword
NO-SCHEMA-MARSHAL;Attribute;Keyword
NO-SCROLLBAR-VERTICAL;Option;Keyword
NO-SEPARATE-CONNECTION;Option;Keyword
NO-SEPARATORS;Option;Keyword
NOT;Option;Keyword
NOT;Function;Keyword
NO-TAB-STOP;Option;Keyword
NOT-ACTIVE;Option;Keyword
NO-UNDO;Option;Keyword
NOW;Function;Keyword
NO-WAIT;Option;Keyword
NO-WORD-WRAP;Option;Keyword
Null;Property;Keyword
Number;Property;Keyword
NUM-BUFFERS;Attribute;Keyword
NUM-CHILD-RELATIONS;Attribute;Keyword
NUM-CHILDREN;Attribute;Keyword
NUM-COPIES;Option;Keyword
NUM-DBS;Function;Keyword
NUM-DROPPED-FILES;Attribute;Keyword
NUM-ENTRIES;Attribute;Keyword
NUM-ENTRIES;Function;Keyword
NUMERIC;Option;Keyword
NUMERIC-DECIMAL-POINT;Attribute;Keyword
NUMERIC-SEPARATOR;Attribute;Keyword
NUM-FIELDS;Attribute;Keyword
NUM-FORMATS;Attribute;Keyword
NUM-HEADER-ENTRIES;Attribute;Keyword
NUM-ITEMS;Attribute;Keyword
NUM-ITERATIONS;Attribute;Keyword
NUM-LINES;Attribute;Keyword
NUM-LOG-FILES;Attribute;Keyword
NumMessages;Property;Keyword
NUM-MESSAGES;Attribute;Keyword
NumParameters;Property;Keyword
NUM-PARAMETERS;Attribute;Keyword
NUM-REFERENCES;Attribute;Keyword
NUM-RELATIONS;Attribute;Keyword
NUM-REPLACED;Attribute;Keyword
NUM-RESULTS;Attribute;Keyword
NUM-RESULTS;Function;Keyword
NUM-SELECTED-ROWS;Attribute;Keyword
NUM-SOURCE-BUFFERS;Attribute;Keyword
NUM-TABS;Attribute;Keyword
NUM-TOP-BUFFERS;Attribute;Keyword
NUM-TO-RETAIN;Attribute;Keyword
NUM-VISIBLE-COLUMNS;Attribute;Keyword
Object;Property;Keyword
OCTET-LENGTH;Option;Keyword
OEClientType;Property;Keyword
OEMaintVersion;Property;Keyword
OEMajorVersion;Property;Keyword
OEMinorVersion;Property;Keyword
OF;Option;Keyword
OFF;Option;Keyword
OffEnd;Event;Keyword
OFF-END;Event;Keyword
OFF-HOME;Event;Keyword
Offset;Property;Keyword
OK;Option;Keyword
OK-CANCEL;Option;Keyword
OLD;Option;Keyword
ON;Option;Keyword
OPSYS;Function;Keyword
OPTION;Option;Keyword
Or;Method;Keyword
ORDERED-JOIN;Option;Keyword
ORDINAL;Attribute;Keyword
ORDINAL;Option;Keyword
ORIGIN-HANDLE;Attribute;Keyword
ORIGIN-ROWID;Attribute;Keyword
OS-DIR;Option;Keyword
OS-ERROR;Function;Keyword
OS-GETENV;Function;Keyword
OTHERWISE;Option;Keyword
OUTER-JOIN;Option;Keyword
OUTPUT;Option;Keyword
OVERLAY;Attribute;Keyword
OVERLAY;Option;Keyword
OVERRIDE;Option;Keyword
OWNER;Attribute;Keyword
OWNER-DOCUMENT;Attribute;Keyword
Package;Property;Keyword
PAGED;Option;Keyword
PAGE-DOWN;Event;Keyword
PAGE-SIZE;Function;Keyword
PAGE-SIZE;Option;Keyword
PAGE-TOP;Attribute;Keyword
PAGE-TOP;Option;Keyword
PAGE-UP;Event;Keyword
PARAM;Option;Keyword
PARENT;Attribute;Keyword
PARENT-BUFFER;Attribute;Keyword
PARENT-FIELDS-AFTER;Attribute;Keyword
PARENT-FIELDS-AFTER;Option;Keyword
PARENT-FIELDS-BEFORE;Attribute;Keyword
PARENT-FIELDS-BEFORE;Option;Keyword
PARENT-ID-FIELD;Option;Keyword
PARENT-ID-RELATION;Attribute;Keyword
PARENT-ID-RELATION;Option;Keyword
PARENT-RELATION;Attribute;Keyword
PARENT-WINDOW-CLOSE;Event;Keyword
Parse;Method;Keyword
ParseFile;Method;Keyword
PARSE-STATUS;Attribute;Keyword
PARTIAL-KEY;Option;Keyword
PASCAL;Option;Keyword
PasswordExpired;Property;Keyword
PASSWORD-FIELD;Attribute;Keyword
PATHNAME;Attribute;Keyword
PAUSE;Option;Keyword
PBE-KEY-ROUNDS;Attribute;Keyword
PDBNAME;Function;Keyword
Performer;Property;Keyword
PermissionDenied;Property;Keyword
PERSISTENT-CACHE-DISABLED;Attribute;Keyword
PERSISTENT-PROCEDURE;Attribute;Keyword
PIXELS;Option;Keyword
PIXELS-PER-ROW;Attribute;Keyword
PORTRAIT;Option;Keyword
POSITION;Attribute;Keyword
Position;Property;Keyword
POSITION;Option;Keyword
PositionChanged;Event;Keyword
PRECISION;Option;Keyword
PREFER-DATASET;Attribute;Keyword
PREPARED;Attribute;Keyword
PREPARE-STRING;Attribute;Keyword
PREV;Option;Keyword
PREV-COLUMN;Attribute;Keyword
PrevForm;Property;Keyword
PREV-FRAME;Event;Keyword
PREV-SIBLING;Attribute;Keyword
PREV-SIBLING;Property;Keyword
PRIMARY;Attribute;Keyword
PRIMARY;Option;Keyword
PRIMARY-PASSPHRASE;Attribute;Keyword
PRINTER;Option;Keyword
PRINTER-CONTROL-;Attribute;Keyword
PRINTER-CONTROL-HANDLE;Attribute;Keyword
PRINTER-HDC;Attribute;Keyword
PRINTER-NAME;Attribute;Keyword
PRINTER-PORT;Attribute;Keyword
Priority;Property;Keyword
PRIVATE;Option;Keyword
PRIVILEGES;Option;Keyword
PROCEDURE-CALL-TYPE;Option;Keyword
PROCEDURE-COMPLETE;Event;Keyword
ProcedureName;Property;Keyword
PROCEDURE-NAME;Attribute;Keyword
ProcessName;Property;Keyword
ProcessTemplateName;Property;Keyword
proc-text;Option;Keyword
proc-text-buffer;Option;Keyword
PROFILER;Option;Keyword
PROFILING;Attribute;Keyword
PROGRAM-NAME;Function;Keyword
PROGRESS;Function;Keyword
PROMPT;Option;Keyword
PROMSGS;Function;Keyword
PROPATH;Function;Keyword
PROTECTED;Option;Keyword
ProWinHandle;Property;Keyword
PROXY;Attribute;Keyword
PROXY-PASSWORD;Attribute;Keyword
PROXY-USERID;Attribute;Keyword
PUBLIC;Option;Keyword
PUBLIC-ID;Attribute;Keyword
Publish;Method;Keyword
PUBLISHED-EVENTS;Attribute;Keyword
PUTBYTE;Option;Keyword
PUT-INT;Option;Keyword
QUALIFIED-USER-ID;Attribute;Keyword
QUERY;Attribute;Keyword
QUERY;Option;Keyword
QUERY-CLOSE;Method;Keyword
QUERY-OFF-END;Attribute;Keyword
QUERY-OFF-END;Function;Keyword
QUERY-OPEN;Method;Keyword
QUERY-PREPARE;Method;Keyword
QUERY-TUNING;Option;Keyword
QUESTION;Option;Keyword
QUIT;Attribute;Keyword
QUIT;Option;Keyword
QUOTER;Function;Keyword
R;Method;Keyword
RADIO-BUTTONS;Attribute;Keyword
RADIO-BUTTONS;Option;Keyword
RADIO-SET;Widget;Keyword
RANDOM;Function;Keyword
RAW;Function;Keyword
RAW-TRANSFER;Method;Keyword
RCODE-INFO;Handle;Keyword
Read;Method;Keyword
READ-AVAILABLE;Option;Keyword
READ-EXACT-NUM;Option;Keyword
READ-FILE;Method;Keyword
READ-JSON;Method;Keyword
ReadOnly;Property;Keyword
READ-ONLY;Attribute;Keyword
READ-ONLY;Option;Keyword
READ-RESPONSE;Event;Keyword
READ-XML;Method;Keyword
READ-XMLSCHEMA;Method;Keyword
REAL;Option;Keyword
Reassign;Method;Keyword
RECALL;Event;Keyword
RECID;Attribute;Keyword
RECID;Function;Keyword
RECID;Option;Keyword
RECORD-LENGTH;Attribute;Keyword
RECORD-LENGTH;Function;Keyword
RECURSIVE;Attribute;Keyword
RECURSIVE;Option;Keyword
REFERENCE-ONLY;Option;Keyword
REFRESH;Method;Keyword
REFRESHABLE;Attribute;Keyword
RefreshAll;Method;Keyword
REFRESH-AUDIT-POLICY;Method;Keyword
REGISTER-DOMAIN;Method;Keyword
REJECT-CHANGES;Method;Keyword
REJECTED;Attribute;Keyword
REJECTED;Function;Keyword
REJECT-ROW-CHANGES;Method;Keyword
RELATION-FIELDS;Attribute;Keyword
RELATION-FIELDS;Option;Keyword
RELATIONS-ACTIVE;Attribute;Keyword
RelationshipOperator;Property;Keyword
REMOTE;Attribute;Keyword
REMOTE-HOST;Attribute;Keyword
REMOTE-PORT;Attribute;Keyword
Remove;Method;Keyword
REMOVE-ATTRIBUTE;Method;Keyword
REMOVE-CHILD;Method;Keyword
REMOVE-EVENTS-PROCEDURE;Method;Keyword
RemoveMessage;Method;Keyword
REMOVE-SUPER-PROCEDURE;Method;Keyword
REPLACE;Function;Keyword
REPLACE;Method;Keyword
REPLACE;Option;Keyword
REPLACE-CHILD;Method;Keyword
REPLACE-SELECTION-TEXT;Method;Keyword
REPOSITION;Attribute;Keyword
REPOSITION;Option;Keyword
REPOSITION-BACKWARD;Method;Keyword
REPOSITION-FORWARD;Method;Keyword
REPOSITION-MODE;Option;Keyword
REPOSITION-TO-ROW;Method;Keyword
REPOSITION-TO-ROWID;Method;Keyword
RequestId;Property;Keyword
REQUEST-INFO;Attribute;Keyword
RESET;Method;Keyword
RESIZE;Attribute;Keyword
RESPONSE-INFO;Attribute;Keyword
RESTART-ROW;Attribute;Keyword
RESTART-ROWID;Attribute;Keyword
RESULT;Option;Keyword
RETAIN;Option;Keyword
RETAIN-SHAPE;Attribute;Keyword
RETAIN-SHAPE;Option;Keyword
RETRY;Function;Keyword
RETRY;Option;Keyword
RETRY-CANCEL;Option;Keyword
RETURN;Event;Keyword
RETURN;Option;Keyword
RETURNS;Option;Keyword
ReturnValue;Property;Keyword
RETURN-VALUE-DATA-TYPE;Attribute;Keyword
RETURN-VALUE-DLL-TYPE;Attribute;Keyword
REVERSE-FROM;Option;Keyword
REVERT;Option;Keyword
REVOKE;Option;Keyword
RGB-VALUE;Function;Keyword
RIGHT;Event;Keyword
RIGHT-MOUSE-CLICK;Event;Keyword
RIGHT-MOUSE-DBLCLICK;Event;Keyword
RIGHT-MOUSE-DOWN;Event;Keyword
RIGHT-MOUSE-UP;Event;Keyword
RIGHT-TRIM;Function;Keyword
R-INDEX;Function;Keyword
ROLES;Attribute;Keyword
ROUND;Function;Keyword
ROUNDED;Attribute;Keyword
ROUNDED;Option;Keyword
ROW;Attribute;Keyword
ROW;Option;Keyword
ROW-CREATE;Event;Keyword
ROW-DELETE;Event;Keyword
ROW-DISPLAY;Event;Keyword
ROW-ENTRY;Event;Keyword
ROW-HEIGHT-CHARS;Attribute;Keyword
ROW-HEIGHT-CHARS;Option;Keyword
ROW-HEIGHT-PIXELS;Attribute;Keyword
ROW-HEIGHT-PIXELS;Option;Keyword
ROWID;Attribute;Keyword
ROWID;Function;Keyword
ROWID;Option;Keyword
ROW-LEAVE;Event;Keyword
ROW-MARKERS;Attribute;Keyword
RowModified;Property;Keyword
ROW-OF;Option;Keyword
ROW-RESIZABLE;Attribute;Keyword
RowsAdded;Property;Keyword
ROW-STATE;Attribute;Keyword
ROW-STATE;Function;Keyword
ROW-UPDATE;Event;Keyword
RULE;Option;Keyword
RUN;Option;Keyword
RUN-PROC;Option;Keyword
RUN-PROCEDURE;Option;Keyword
RVV;Option;Keyword
SAVE;Option;Keyword
SAVE;Method;Keyword
SAVE-AS;Option;Keyword
SAVE-FILE;Method;Keyword
SAVE-ROW-CHANGES;Method;Keyword
SAVE-WHERE-STRING;Attribute;Keyword
SAX-PARSE;Method;Keyword
SAX-PARSE-FIRST;Method;Keyword
SAX-PARSE-NEXT;Method;Keyword
SAX-PARSER-ERROR;Option;Keyword
SAX-RUNNING;Option;Keyword
SAX-UNINITIALIZED;Option;Keyword
SAX-WRITE-BEGIN;Option;Keyword
SAX-WRITE-COMPLETE;Option;Keyword
SAX-WRITE-CONTENT;Option;Keyword
SAX-WRITE-ELEMENT;Option;Keyword
SAX-WRITE-ERROR;Option;Keyword
SAX-WRITE-IDLE;Option;Keyword
SAX-WRITE-TAG;Option;Keyword
SCHEMA;Option;Keyword
SCHEMA-CHANGE;Attribute;Keyword
SCHEMA-LOCATION;Attribute;Keyword
SCHEMA-MARSHAL;Attribute;Keyword
SCHEMA-PATH;Attribute;Keyword
SCREEN-IO;Option;Keyword
SCREEN-LINES;Attribute;Keyword
SCREEN-LINES;Function;Keyword
SCROLL;Option;Keyword
SCROLLABLE;Attribute;Keyword
SCROLLABLE;Option;Keyword
SCROLL-BARS;Attribute;Keyword
SCROLL-DELTA;Option;Keyword
SCROLLING;Option;Keyword
SCROLL-NOTIFY;Event;Keyword
SCROLL-OFFSET;Option;Keyword
SCROLL-TO-CURRENT-ROW;Method;Keyword
SCROLL-TO-SELECTED-ROW;Method;Keyword
SDBNAME;Function;Keyword
SEAL;Method;Keyword
SEAL-TIMESTAMP;Attribute;Keyword
SEARCH;Function;Keyword
SEARCH;Method;Keyword
SEARCH-SELF;Option;Keyword
SEARCH-TARGER;Option;Keyword
SECTION;Option;Keyword
SECURITY-POLICY;Handle;Keyword
SEEK;Function;Keyword
SELECT;Option;Keyword
SELECTABLE;Attribute;Keyword
SELECT-ALL;Method;Keyword
SELECTED;Attribute;Keyword
SELECT-FOCUSED-ROW;Method;Keyword
SELECTION;Event;Keyword
SELECTION-END;Attribute;Keyword
SELECTION-LIST;Widget;Keyword
SELECTION-START;Attribute;Keyword
SELECTION-TEXT;Attribute;Keyword
SELECT-NEXT-ROW;Method;Keyword
SELECT-PREV-ROW;Method;Keyword
SELECT-ROW;Method;Keyword
SELF;Handle;Keyword
SENSITIVE;Attribute;Keyword
SEPARATE-CONNECTION;Option;Keyword
SEPARATOR-FGCOLOR;Attribute;Keyword
SEPARATORS;Attribute;Keyword
SEPARATORS;Option;Keyword
SERIALIZE-HIDDEN;Attribute;Keyword
SERIALIZE-HIDDEN;Option;Keyword
SERIALIZE-NAME;Attribute;Keyword
SERIALIZE-NAME;Option;Keyword
SERIALIZE-ROW;Method;Keyword
SERVER;Attribute;Keyword
SERVER;Option;Keyword
SERVER-CONNECTION-BOUND;Attribute;Keyword
SERVER-CONNECTION-BOUND-REQUEST;Attribute;Keyword
SERVER-CONNECTION-CONTEXT;Attribute;Keyword
SERVER-CONNECTION-ID;Attribute;Keyword
SERVER-OPERATING-MODE;Attribute;Keyword
SERVER-SOCKET;Option;Keyword
SESSION;Handle;Keyword
SESSION-END;Attribute;Keyword
SessionId;Property;Keyword
SESSION-ID;Attribute;Keyword
SET;Option;Keyword
Set;Method;Keyword
SET-ACTOR;Method;Keyword
SET-APPL-CONTEXT;Method;Keyword
SET-ATTR-CALL-TYPE;Option;Keyword
SET-ATTRIBUTE;Method;Keyword
SET-ATTRIBUTE-NODE;Method;Keyword
SET-BREAK;Method;Keyword
SET-BUFFERS;Method;Keyword
SET-CALLBACK;Method;Keyword
SET-CALLBACK-PROCEDURE;Method;Keyword
SET-CLIENT;Method;Keyword
SET-COMMIT;Method;Keyword
SET-CONNECT-PROCEDURE;Method;Keyword
SET-CONTENTS;Option;Keyword
SET-CURRENT-VALUE;Option;Keyword
SET-DB-CLIENT;Function;Keyword
SET-DYNAMIC;Method;Keyword
SET-EFFECTIVE-TENANT;Function;Keyword
SET-EVENT-MANAGER-OPTION;Option;Keyword
SetFields;Method;Keyword
SET-INPUT-SOURCE;Method;Keyword
SET-MUST-UNDERSTAND;Method;Keyword
SET-NODE;Method;Keyword
SetNull;Method;Keyword
SetNumber;Method;Keyword
SET-NUMERIC-FORMAT;Method;Keyword
SET-OPTION;Option;Keyword
SET-OUTPUT-DESTINATION;Method;Keyword
SetParameter;Method;Keyword
SET-PARAMETER;Method;Keyword
SET-PROPERTY;Method;Keyword
SetPropertyValue;Method;Keyword
SET-READ-RESPONSE-PROCEDURE;Method;Keyword
SET-REPOSITIONED-ROW;Method;Keyword
SET-RGB-VALUE;Method;Keyword
SET-ROLLBACK;Method;Keyword
SET-SELECTION;Method;Keyword
SET-SERIALIZED;Method;Keyword
SET-SOCKET-OPTION;Method;Keyword
SET-SORT-ARROW;Method;Keyword
SET-WAIT-STATE;Method;Keyword
Severity;Property;Keyword
SHA;Option;Keyword
SHA1-DIGEST;Function;Keyword
SHADOW-WINDOW;Widget;Keyword
SHARED;Option;Keyword
SHOW-IN-TASKBAR;Attribute;Keyword
SIGNATURE;Option;Keyword
SILENT;Option;Keyword
SIMPLE;Option;Keyword
SINGLE;Option;Keyword
SIZE;Option;Keyword
SKIP;Option;Keyword
SKIP-DELETED-RECORD;Attribute;Keyword
SLIDER;Widget;Keyword
SMALL-ICON;Attribute;Keyword
SMALLINT;Option;Keyword
SMALL-TITLE;Attribute;Keyword
SoapFault;Property;Keyword
SOAP-FAULT-ACTOR;Attribute;Keyword
SOAP-FAULT-CODE;Attribute;Keyword
SOAP-FAULT-DETAIL;Attribute;Keyword
SOAP-FAULT-STRING;Attribute;Keyword
SOCKET;Option;Keyword
SOME;Option;Keyword
SORT;Attribute;Keyword
SORT;Option;Keyword
SORT-ASCENDING;Attribute;Keyword
Sorted;Property;Keyword
SORT-NUMBER;Attribute;Keyword
SortRequest;Event;Keyword
SOURCE;Option;Keyword
SOURCE-PROCEDURE;Handle;Keyword
SPACE;Option;Keyword
SQL;Option;Keyword
SQRT;Function;Keyword
SSL-SERVER-NAME;Attribute;Keyword
SSL-SERVER-NAME;Function;Keyword
STANDALONE;Attribute;Keyword
START;Option;Keyword
START-BOX-SELECTION;Event;Keyword
START-DOCUMENT;Method;Keyword
START-ELEMENT;Method;Keyword
STARTING;Option;Keyword
START-MOVE;Event;Keyword
StartProcess;Method;Keyword
START-RESIZE;Event;Keyword
START-ROW-RESIZE;Event;Keyword
START-SEARCH;Event;Keyword
START-SEARCH1;Event;Keyword
STARTUP-PARAMETERS;Attribute;Keyword
StatBaseId;Property;Keyword
STATE-DETAIL;Attribute;Keyword
STATIC;Option;Keyword
Status;Property;Keyword
STATUS-AREA;Attribute;Keyword
STATUS-AREA-FONT;Attribute;Keyword
STDCALL;Option;Keyword
STOP;Attribute;Keyword
STOP;Option;Keyword
STOP-AFTER;Option;Keyword
STOP-PARSING;Method;Keyword
STREAM;Attribute;Keyword
STREAM;Option;Keyword
STREAM-HANDLE;Option;Keyword
STREAM-IO;Option;Keyword
STRETCH-TO-FIT;Attribute;Keyword
STRETCH-TO-FIT;Option;Keyword
STRICT;Attribute;Keyword
STRING;Function;Keyword
String;Property;Keyword
STRING-VALUE;Method;Keyword
STRING-XREF;Option;Keyword
SUB-COUNT;Option;Keyword
SUB-MENU-HELP;Option;Keyword
Subscribe;Method;Keyword
SUB-TOTAL;Option;Keyword
Subtract;Method;Keyword
SUBTYPE;Attribute;Keyword
Success;Property;Keyword
SUM;Option;Keyword
SUPER;Function;Keyword
SUPER;Option;Keyword
SuperClass;Property;Keyword
SUPER-PROCEDURES;Attribute;Keyword
SUPPRESS-NAMESPACE-PROCESSING;Attribute;Keyword
SUPPRESS-WARNINGS-LIST;Attribute;Keyword
SYMMETRIC-ENCRYPTION-ALGORITHM;Attribute;Keyword
SYMMETRIC-ENCRYPTION-IV;Attribute;Keyword
SYMMETRIC-ENCRYPTION-KEY;Attribute;Keyword
SYMMETRIC-SUPPORT;Attribute;Keyword
SYNCHRONIZE;Event;Keyword
SYNCHRONIZE;Method;Keyword
SYSTEM-ID;Attribute;Keyword
T;Method;Keyword
TAB;Event;Keyword
TABLE;Attribute;Keyword
TABLE;Option;Keyword
TABLE-CRC-LIST;Attribute;Keyword
TABLE-HANDLE;Attribute;Keyword
TABLE-HANDLE;Option;Keyword
TABLE-LIST;Attribute;Keyword
TABLE-NUMBER;Attribute;Keyword
TABLE-SCAN;Option;Keyword
TableSchema;Property;Keyword
TableStatId;Property;Keyword
TAB-POSITION;Attribute;Keyword
TAB-STOP;Attribute;Keyword
Tag;Property;Keyword
TARGET;Option;Keyword
TARGET-PROCEDURE;Handle;Keyword
TEMP-TABLE;Option;Keyword
TempTableCount;Property;Keyword
TempTablePeak;Property;Keyword
TEMP-TABLE-PREPARE;Method;Keyword
TENANT-ID;Function;Keyword
TENANT-ID;Method;Keyword
TENANT-NAME;Function;Keyword
TENANT-NAME;Method;Keyword
TENANT-NAME-TO-ID;Function;Keyword
TERM;Option;Keyword
TEXT;Widget;Keyword
TEXT;Option;Keyword
TEXT-CURSOR;Option;Keyword
TEXT-SEG-GROW;Option;Keyword
TEXT-SELECTED;Attribute;Keyword
THEN;Function;Keyword
THEN;Option;Keyword
THIS-PROCEDURE;Handle;Keyword
THREE-D;Attribute;Keyword
THREE-D;Option;Keyword
THROW;Option;Keyword
THRU;Option;Keyword
TIC-MARKS;Attribute;Keyword
TIC-MARKS;Option;Keyword
TIME;Function;Keyword
TIME;Option;Keyword
TIME-SOURCE;Attribute;Keyword
TimeStarted;Property;Keyword
TIMEZONE;Attribute;Keyword
TIMEZONE;Function;Keyword
TITLE;Attribute;Keyword
TITLE;Option;Keyword
TO;Option;Keyword
TODAY;Function;Keyword
TOGGLE-BOX;Attribute;Keyword
TOGGLE-BOX;Widget;Keyword
TOGGLE-BOX;Option;Keyword
TOOLTIP;Attribute;Keyword
TOOLTIP;Option;Keyword
TOOLTIPS;Attribute;Keyword
TOP;Property;Keyword
TOPIC;Option;Keyword
TOP-NAV-QUERY;Attribute;Keyword
TOP-ONLY;Attribute;Keyword
TOP-ONLY;Option;Keyword
TO-ROWID;Function;Keyword
ToString;Method;Keyword
TOTAL;Option;Keyword
TRACE-FILTER;Attribute;Keyword
TRACKING-CHANGES;Attribute;Keyword
TRAILING;Option;Keyword
TRANS;Option;Keyword
TRANSACTION;Attribute;Keyword
TRANSACTION;Function;Keyword
TRANSACTION;Option;Keyword
TransId;Property;Keyword
TRANS-INIT-PROCEDURE;Attribute;Keyword
TRANSPARENT;Attribute;Keyword
TRANSPARENT;Option;Keyword
TRIM;Function;Keyword
TRIM;Option;Keyword
TRUE;Option;Keyword
TTCODEPAGE;Option;Keyword
TYPE;Attribute;Keyword
TypeName;Property;Keyword
TYPE-OF;Function;Keyword
U;Method;Keyword
U1;Event;Keyword
U10;Event;Keyword
U2;Event;Keyword
U3;Event;Keyword
U4;Event;Keyword
U5;Event;Keyword
U6;Event;Keyword
U7;Event;Keyword
U8;Event;Keyword
U9;Event;Keyword
UNBOX;Function;Keyword
UNDO;Attribute;Keyword
UNDO;Option;Keyword
UNION;Option;Keyword
UNIQUE;Option;Keyword
UNIQUE-ID;Attribute;Keyword
UNIQUE-MATCH;Attribute;Keyword
UNIQUE-MATCH;Option;Keyword
UnknownUser;Property;Keyword
UNLESS-HIDDEN;Option;Keyword
UNSIGNED-LONG;Option;Keyword
Unsubscribe;Method;Keyword
UP;Event;Keyword
UP;Option;Keyword
UPDATE;Option;Keyword
UPDATE-ATTRIBUTE;Method;Keyword
UpdateDataSlots;Method;Keyword
UPPER;Function;Keyword
URL;Attribute;Keyword
URL-DECODE;Method;Keyword
URL-ENCODE;Method;Keyword
URL-PASSWORD;Attribute;Keyword
URL-USERID;Attribute;Keyword
USE-DICT-EXPS;Option;Keyword
USE-FILENAME;Option;Keyword
USE-INDEX;Option;Keyword
USER;Option;Keyword
USE-REVVIDEO;Option;Keyword
USERID;Function;Keyword
USER-ID;Attribute;Keyword
UserIndexStatId;Property;Keyword
UserIOId;Property;Keyword
UserTableStatId;Property;Keyword
USE-TEXT;Option;Keyword
USE-UNDERLINE;Option;Keyword
USE-WIDGET-POOL;Option;Keyword
USING;Option;Keyword
V6DISPLAY;Attribute;Keyword
V6FRAME;Option;Keyword
VALIDATE;Method;Keyword
VALIDATE;Option;Keyword
VALIDATE-EXPRESSION;Attribute;Keyword
VALIDATE-MESSAGE;Attribute;Keyword
VALIDATE-SEAL;Method;Keyword
VALIDATE-XML;Attribute;Keyword
VALIDATION-ENABLED;Attribute;Keyword
VALID-EVENT;Function;Keyword
VALID-HANDLE;Function;Keyword
VALID-OBJECT;Function;Keyword
VALUE;Attribute;Keyword
Value;Property;Keyword
VALUE;Option;Keyword
VALUE-CHANGED;Event;Keyword
VALUES;Option;Keyword
VERBOSE;Option;Keyword
VERSION;Attribute;Keyword
VERSION;Function;Keyword
VersionInfo;Property;Keyword
VIEW-AS;Attribute;Keyword
VIEW-AS;Option;Keyword
VIEW-FIRST-COLUMN-ON-REOPEN;Attribute;Keyword
VISIBLE;Attribute;Keyword
VOID;Option;Keyword
WAIT;Option;Keyword
WARNING;Attribute;Keyword
WC-ADMIN-APP;Attribute;Keyword
WEB-CONTEXT;Handle;Keyword
WEB-NOTIFY;Event;Keyword
WEEKDAY;Function;Keyword
WHEN;Option;Keyword
WHERE;Option;Keyword
WHERE-STRING;Attribute;Keyword
WHILE;Option;Keyword
WIDGET-HANDLE;Function;Keyword
Widget-Handle;Property;Keyword
WIDGET-ID;Attribute;Keyword
WIDGET-ID;Option;Keyword
WIDGET-POOL;Option;Keyword
WIDTH;Option;Keyword
Width;Property;Keyword
WIDTH-CHARS;Attribute;Keyword
WINDOW;Attribute;Keyword
WINDOW;Widget;Keyword
WINDOW;Option;Keyword
WINDOW-CLOSE;Event;Keyword
WINDOW-MAXIMIZED1;Event;Keyword
WINDOW-MINIMIZED;Event;Keyword
WINDOW-NAME;Option;Keyword
WINDOW-NORMAL;Option;Keyword
WINDOW-RESIZED;Event;Keyword
WINDOW-RESTORED;Event;Keyword
WINDOW-SYSTEM;Attribute;Keyword
WITH;Option;Keyword
WORD-INDEX;Option;Keyword
WORD-WRAP;Attribute;Keyword
WORK-AREA-HEIGHT-PIXELS;Attribute;Keyword
WORK-AREA-WIDTH-PIXELS;Attribute;Keyword
WORK-AREA-X;Attribute;Keyword
WORK-AREA-Y;Attribute;Keyword
WORKFILE;Option;Keyword
Write;Method;Keyword
WRITE-CDATA;Method;Keyword
WRITE-CHARACTERS;Method;Keyword
WRITE-COMMENT;Method;Keyword
WRITE-DATA;Method;Keyword
WRITE-DATA-ELEMENT;Method;Keyword
WRITE-EMPTY-ELEMENT;Method;Keyword
WRITE-ENTITY-REF;Method;Keyword
WRITE-EXTERNAL-DTD;Method;Keyword
WriteFile;Method;Keyword
WRITE-FRAGMENT;Method;Keyword
WRITE-JSON;Method;Keyword
WRITE-MESSAGE;Method;Keyword
WriteOnly;Property;Keyword
WRITE-PROCESSING-INSTRUCTION;Method;Keyword
WRITE-STATUS;Attribute;Keyword
WriteStream;Method;Keyword
WRITE-XML;Method;Keyword
WRITE-XMLSCHEMA;Method;Keyword
X;Attribute;Keyword
X;Option;Keyword
XCODE;Option;Keyword
XCODE-SESSION-KEY;Attribute;Keyword
X-DOCUMENT;Attribute;Keyword
XML-DATA-TYPE;Attribute;Keyword
XML-DATA-TYPE;Option;Keyword
XML-NODE-NAME;Attribute;Keyword
XML-NODE-NAME;Option;Keyword
XML-NODE-TYPE;Attribute;Keyword
XML-NODE-TYPE;Option;Keyword
XML-SCHEMA-PATH;Attribute;Keyword
XML-SUPPRESS-NAMESPACE-PROCESSING;Attribute;Keyword
X-NODEREF;Option;Keyword
X-OF;Option;Keyword
Xor;Method;Keyword
XREF;Option;Keyword
XREF-XML;Option;Keyword
Y;Attribute;Keyword
Y;Option;Keyword
YEAR;Function;Keyword
YEAR-OFFSET;Attribute;Keyword
YES;Option;Keyword
YES-NO;Option;Keyword
YES-NO-CANCEL;Option;Keyword
Y-OF;Option;Keyword
BUFFER-PARTITION-ID;Attribute;Keyword
BUFFER-PARTITION-ID;Function;Keyword
CAN-DO-DOMAIN-SUPPORT;Attribute;Keyword
DYNAMIC-ENUM;Function;Keyword
ENTITY-EXPANSION-LIMIT;Attribute;Keyword
FLAGS;Option;Keyword
GET-CLASS;Function;Keyword
IS-PARTITIONED;Attribute;Keyword
LABELS-HAVE-COLONS;Attribute;Keyword
PROCESS-ARCHITECTURE;Function;Keyword
ROLE;Attribute;Keyword
SERIALIZABLE;Option;Keyword
SET-ROLE;Method;Keyword
SINGLE-RUN;Attribute;Keyword
SINGLE-RUN;Option;Keyword
SKIP-GROUP-DUPLICATES;Attribute;Keyword
SOAP-FAULT-MISUNDERSTOOD-HEADER;Attribute;Keyword
SOAP-FAULT-NODE;Attribute;Keyword
SOAP-FAULT-ROLE;Attribute;Keyword
SOAP-FAULT-SUBCODE;Attribute;Keyword
SOAP-VERSION;Attribute;Keyword
STRICT-ENTITY-RESOLUTION;Attribute;Keyword
THREAD-SAFE;Option;Keyword
THREAD-SAFE;Attribute;Keyword
UNDO-THROW-SCOPE;Attribute;Keyword
XML-ENTITY-EXPANSION-LIMIT;Attribute;Keyword
XML-STRICT-ENTITY-RESOLUTION;Attribute;Keyword
TENANT;Option;Keyword
TENANT-WHERE;Option;Keyword
Write;Method;Keyword
AND;Operator;Operator
BEGINS;Operator;Operator
EQ;Operator;Operator
GE;Operator;Operator
GT;Operator;Operator
LE;Operator;Operator
LT;Operator;Operator
MATCHES;Operator;Operator
NE;Operator;Operator
NOT;Operator;Operator
OR;Operator;Operator
XOR;Operator;Operator
&BATCH-MODE;Preprocessor;Preprocessor
&ELSE;Preprocessor;Preprocessor
&ELSEIF;Preprocessor;Preprocessor
&ENDIF;Preprocessor;Preprocessor
&FILE-NAME;Preprocessor;Preprocessor
&IF;Preprocessor;Preprocessor
&LINE-NUMBER;Preprocessor;Preprocessor
&MESSAGE;Preprocessor;Preprocessor
&OPEN-QUERY-;Preprocessor;Preprocessor
&OPSYS;Preprocessor;Preprocessor
&SEQUENCE;Preprocessor;Preprocessor
&THEN;Preprocessor;Preprocessor
&UNDEFINE;Preprocessor;Preprocessor
&WINDOW-SYSTEM;Preprocessor;Preprocessor
_CONTROL;Appbuilder;Preprocessor
_CREATE-WINDOW;Appbuilder;Preprocessor
_CUSTOM;Appbuilder;Preprocessor
_DEFAULT-DISABLE;Appbuilder;Preprocessor
_DEFAULT-ENABLE;Appbuilder;Preprocessor
_DEFINITIONS;Appbuilder;Preprocessor
_DISPLAY-FIELDS;Appbuilder;Preprocessor
_END-PROCEDURE-SETTINGS;Appbuilder;Preprocessor
_FREEFORM;Appbuilder;Preprocessor
_FUNCTION;Appbuilder;Preprocessor
_FUNCTION-FORWARD;Appbuilder;Preprocessor
_INLINE;Appbuilder;Preprocessor
_MAIN-BLOCK;Appbuilder;Preprocessor
_PROCEDURE;Appbuilder;Preprocessor
_PROCEDURE-SETTINGS;Appbuilder;Preprocessor
_QUERY-BLOCK;Appbuilder;Preprocessor
_RUN-TIME-ATTRIBUTES;Appbuilder;Preprocessor
_UIB-CODE-BLOCK;Appbuilder;Preprocessor
_UIB-PREPROCESSOR-BLOCK;Appbuilder;Preprocessor
_VERSION-NUMBER;Appbuilder;Preprocessor
_XFTR;Appbuilder;Preprocessor
BROWSE-NAME;Preprocessor;Preprocessor
C-Win;Appbuilder;Preprocessor
DB-AWARE;Preprocessor;Preprocessor
DEFINED;Preprocessor;Preprocessor
DISPLAYED-OBJECTS;Preprocessor;Preprocessor
ENABLED-OBJECTS;Preprocessor;Preprocessor
GUI;Appbuilder;Preprocessor
INTERNAL-TABLES;Preprocessor;Preprocessor
PROCEDURE-TYPE;Preprocessor;Preprocessor
SELF-NAME;Preprocessor;Preprocessor
WINDOW-NAME;Preprocessor;Preprocessor
ADVISE;Statement;Statement
ALIAS;Statement;Statement
APPLY;Statement;Statement
ASSIGN;Statement;Statement
AUTOMATIC;Statement;Statement
BELL;Statement;Statement
BROWSE;Statement;Statement
BUFFER;Statement;Statement
BUFFER-COMPARE;Statement;Statement
BUFFER-COPY;Statement;Statement
BUTTON;Statement;Statement
CACHE;Statement;Statement
CALL;Statement;Statement
CASE;Statement;Statement
CATCH;Statement;Statement
CHOOSE;Statement;Statement
CLASS;Statement;Statement
CLEAR;Statement;Statement
CLIENT-PRINCIPAL;Statement;Statement
CLOSE;Statement;Statement
COLOR;Statement;Statement
COMPILE;Statement;Statement
CONNECT;Statement;Statement
CONSTRUCTOR;Statement;Statement
COPY-LOB;Statement;Statement
CREATE;Statement;Statement
CREATE-BUFFER;Statement;Statement
CURRENT-VALUE;Statement;Statement
DATABASE;Statement;Statement
DATASET;Statement;Statement
DATA-SOURCE;Statement;Statement
DDE;Statement;Statement
DESTRUCTOR;Statement;Statement
DISABLE;Statement;Statement
DO;Statement;Statement
DOS;Statement;Statement
DOWN;Statement;Statement
DYNAMIC-CURRENT-VALUE;Statement;Statement
DYNAMIC-NEW;Statement;Statement
DYNAMIC-PROPERTY;Statement;Statement
ELSE;Statement;Statement
EMPTY;Statement;Statement
ENABLE;Statement;Statement
END;Statement;Statement
ENTRY;Statement;Statement
ERROR;Statement;Statement
EVENT;Statement;Statement
EVENTS;Statement;Statement
EXECUTE;Statement;Statement
EXPORT;Statement;Statement
EXTENT;Statement;Statement
FINALLY;Statement;Statement
FIND;Statement;Statement
FIX-CODEPAGE;Statement;Statement
FONT;Statement;Statement
FOR;Statement;Statement
FORM;Statement;Statement
FROM;Statement;Statement
FUNCTION;Statement;Statement
GET;Statement;Statement
GET-DIR;Statement;Statement
GET-FILE;Statement;Statement
HIDE;Statement;Statement
IF;Statement;Statement
IMAGE;Statement;Statement
IMPORT;Statement;Statement
INITIATE;Statement;Statement
INPUT;Statement;Statement
INSERT;Statement;Statement
INTERFACE;Statement;Statement
LENGTH;Statement;Statement
LOAD;Statement;Statement
LOAD-PICTURE;Statement;Statement
MENU;Statement;Statement
MESSAGE;Statement;Statement
METHOD;Statement;Statement
NEW;Statement;Statement
NEXT-PROMPT;Statement;Statement
OBJECT;Statement;Statement
ON;Statement;Statement
OPEN;Statement;Statement
OS-APPEND;Statement;Statement
OS-COMMAND;Statement;Statement
OS-COPY;Statement;Statement
OS-CREATE-DIR;Statement;Statement
OS-DELETE;Statement;Statement
OS-RENAME;Statement;Statement
OUTPUT;Statement;Statement
OVERLAY;Statement;Statement
PAGE;Statement;Statement
PAUSE;Statement;Statement
PRINTER-SETUP;Statement;Statement
PROCESS;Statement;Statement
PROMSGS;Statement;Statement
PROPATH;Statement;Statement
PROPERTY;Statement;Statement
PUT;Statement;Statement
PUT-BITS;Statement;Statement
PUT-BYTE;Statement;Statement
PUT-BYTES;Statement;Statement
PUT-DOUBLE;Statement;Statement
PUT-FLOAT;Statement;Statement
PUT-INT64;Statement;Statement
PUT-LONG;Statement;Statement
PUT-SHORT;Statement;Statement
PUT-STRING;Statement;Statement
PUT-UNSIGNED-LONG;Statement;Statement
PUT-UNSIGNED-SHORT;Statement;Statement
QUERY;Statement;Statement
RAW;Statement;Statement
RAW-TRANSFER;Statement;Statement
READKEY;Statement;Statement
RELEASE;Statement;Statement
REPEAT;Statement;Statement
REPOSITION;Statement;Statement
REQUEST;Statement;Statement
ROUTINE-LEVEL;Statement;Statement
SAVE;Statement;Statement
SAX-ATTRIBUTES;Statement;Statement
SAX-READER;Statement;Statement
SAX-WRITER;Statement;Statement
SCREEN;Statement;Statement
SCROLL;Statement;Statement
SEEK;Statement;Statement
SEND;Statement;Statement
send-sql;Statement;Statement
SERVER;Statement;Statement
SERVER-SOCKET;Statement;Statement
SET;Statement;Statement
SET-BYTE-ORDER;Statement;Statement
SET-POINTER-VALUE;Statement;Statement
SET-SIZE;Statement;Statement
SOCKET;Statement;Statement
STATUS;Statement;Statement
STOP;Statement;Statement
STORE-PROCEDURE;Statement;Statement
STREAM;Statement;Statement
SUBSCRIBE;Statement;Statement
SUPER;Statement;Statement
SYSTEM-DIALOG;Statement;Statement
SYSTEM-HELP;Statement;Statement
TEMP-TABLE;Statement;Statement
TERMINATE;Statement;Statement
THEN;Statement;Statement
THIS-OBJECT;Statement;Statement
THROUGH;Statement;Statement
THROW;Statement;Statement
TO;Statement;Statement
TRANSACTION-MODE;Statement;Statement
TRIGGER;Statement;Statement
TRIGGERS;Statement;Statement
UNIX;Statement;Statement
UNLOAD;Statement;Statement
UNSUBSCRIBE;Statement;Statement
UP;Statement;Statement
UPDATE;Statement;Statement
USE;Statement;Statement
USING;Statement;Statement
VALIDATE;Statement;Statement
VIEW;Statement;Statement
WAIT-FOR;Statement;Statement
WIDGET;Statement;Statement
WIDGET-POOL;Statement;Statement
WORKFILE;Statement;Statement
X-DOCUMENT;Statement;Statement
X-NODEREF;Statement;Statement
ENUM;Statement;Statement
BLOB;Type;Type
BUFFER;Type;Type
BYTE;Type;Type
CLASS;Type;Type
CLOB;Type;Type
COM-HANDLE;Type;Type
COMPONENT-HANDLE;Type;Type
DATASET;Type;Type
DATASET-HANDLE;Type;Type
DATE;Type;Type
DATETIME;Type;Type
DATETIME-TZ;Type;Type
DOUBLE;Type;Type
FLOAT;Type;Type
HANDLE;Type;Type
INT64;Type;Type
LONG;Type;Type
LONGCHAR;Type;Type
MEMPTR;Type;Type
RAW;Type;Type
RECID;Type;Type
ROWID;Type;Type
SHORT;Type;Type
TABLE;Type;Type
TABLE-HANDLE;Type;Type
UNSIGNEDLONG;Type;Type
UNSIGNED-LONG;Type;Type
UNSIGNEDSHORT;Type;Type
UNSIGNED-SHORT;Type;Type
WIDGET;Type;Type
WIDGET-HANDLE;Type;Type
&GLOB;Preprocessor;Preprocessor
&SCOPED;Preprocessor;Preprocessor
ABS;Function;Keyword
ACCUM;Statement;Statement
AMBIG;Attribute;Keyword
AMBIG;Function;Keyword
ANALYZ;Option;Keyword
APPL-ALERT;Attribute;Keyword
ASCE;Option;Keyword
ATTR;Attribute;Keyword
ATTR;Option;Keyword
AUTO-COMP;Attribute;Keyword
AUTO-COMP;Option;Keyword
AUTO-IND;Attribute;Keyword
AUTO-RET;Attribute;Keyword
AUTO-RET;Option;Keyword
AUTO-Z;Attribute;Keyword
AVAIL;Attribute;Keyword
AVAIL;Function;Keyword
AVE;Option;Keyword
BACK;Attribute;Keyword
BACK;Option;Keyword
BACKWARD;Option;Keyword
BATCH;Attribute;Keyword
BEFORE-H;Option;Keyword
BGC;Attribute;Keyword
BGC;Option;Keyword
BLOCK-LEV;Statement;Statement
BORDER-B;Attribute;Keyword
BORDER-BOTTOM-P;Attribute;Keyword
BORDER-L;Attribute;Keyword
BORDER-LEFT-P;Attribute;Keyword
BORDER-R;Attribute;Keyword
BORDER-RIGHT-P;Attribute;Keyword
BORDER-T;Attribute;Keyword
BORDER-TOP-P;Attribute;Keyword
BOX-SELECT;Attribute;Keyword
BUTTON;Option;Keyword
CASE-SEN;Attribute;Keyword
CASE-SEN;Option;Keyword
CENTER;Attribute;Keyword
CENTER;Option;Keyword
CHAR;Type;Type
CLEAR-SELECT;Method;Keyword
CLEAR-SORT-ARROW;Method;Keyword
COL;Attribute;Keyword
COL;Option;Keyword
COLON-ALIGN;Option;Keyword
COLUMN-LAB;Attribute;Keyword
COLUMN-LAB;Option;Keyword
CONVERT-TO-OFFS;Method;Keyword
CURRENT-ENV;Attribute;Keyword
CURRENT-LANG;Function;Keyword
CURRENT-LANG;Statement;Statement
CURS;Statement;Statement
DATA-ENTRY-RET;Attribute;Keyword
DATA-REL;Option;Keyword
DATA-T;Attribute;Keyword
DATE-F;Attribute;Keyword
DBREST;Function;Keyword
DBVERS;Function;Keyword
DDE-I;Attribute;Keyword
DEBU;Method;Keyword
DEBU;Option;Keyword
DEC;Function;Keyword
DEC;Type;Type
DEF;Statement;Statement
DEFAULT-EX;Option;Keyword
DEFAULT-NOXL;Option;Keyword
DEFAUT-B;Attribute;Keyword
DEFAUT-B;Option;Keyword
DEL;Method;Keyword
DEL;Statement;Statement
DESC;Option;Keyword
DICT;Statement;Statement
DISCON;Method;Keyword
DISCON;Statement;Statement
DISP;Option;Keyword
DISP;Statement;Statement
DISPLAY-T;Attribute;Keyword
EDGE;Attribute;Keyword
EDGE;Option;Keyword
EDGE-P;Attribute;Keyword
EDGE-P;Option;Keyword
ERROR-COL;Attribute;Keyword
ERROR-STAT;Handle;Keyword
EVENT-T;Attribute;Keyword
EXCLUSIVE;Option;Keyword
FGC;Attribute;Keyword
FGC;Option;Keyword
FILE-INFO;Handle;Keyword
FILE-INFO;Option;Keyword
FILE-OFF;Attribute;Keyword
FIRST-PROC;Attribute;Keyword
FIRST-TAB-I;Attribute;Keyword
FORE;Attribute;Keyword
FORM;Attribute;Keyword
FORM;Option;Keyword
FORMATTE;Attribute;Keyword
FRAGMEN;Attribute;Keyword
FRAM;Attribute;Keyword
FRAM;Widget;Keyword
FRAM;Option;Keyword
FRAM;Statement;Statement
FRAME-INDE;Function;Keyword
FRAME-SPA;Attribute;Keyword
FRAME-VAL;Function;Keyword
FRAME-VAL;Statement;Statement
FROM-C;Option;Keyword
FROM-CUR;Option;Keyword
FROM-P;Option;Keyword
FULL-HEIGHT;Attribute;Keyword
FULL-HEIGHT-P;Attribute;Keyword
FULL-PATHN;Attribute;Keyword
FULL-WIDTH;Attribute;Keyword
FULL-WIDTH-P;Attribute;Keyword
GATEWAY;Function;Keyword
GET-BLUE;Method;Keyword
GET-FILE-OFFSE;Method;Keyword
GET-GREEN;Method;Keyword
GET-KEY-VAL;Statement;Statement
GET-RED;Method;Keyword
GET-SELECTED;Method;Keyword
GET-TEXT-HEIGHT;Method;Keyword
GET-TEXT-HEIGHT-P;Method;Keyword
GET-TEXT-WIDTH;Method;Keyword
GET-TEXT-WIDTH-P;Method;Keyword
GO-PEND;Function;Keyword
GRAPHIC-E;Attribute;Keyword
GRAPHIC-E;Option;Keyword
GRID-FACTOR-H;Attribute;Keyword
GRID-FACTOR-V;Attribute;Keyword
GRID-UNIT-HEIGHT;Attribute;Keyword
GRID-UNIT-HEIGHT-P;Attribute;Keyword
GRID-UNIT-WIDTH;Attribute;Keyword
GRID-UNIT-WIDTH-P;Attribute;Keyword
HEIGHT;Attribute;Keyword
HEIGHT-P;Attribute;Keyword
HORI;Attribute;Keyword
HORI;Option;Keyword
IMAGE-SIZE-C;Option;Keyword
IMAGE-SIZE-P;Option;Keyword
INFO;Option;Keyword
INHERIT-BGC;Attribute;Keyword
INHERIT-BGC;Option;Keyword
INHERIT-FGC;Attribute;Keyword
INHERIT-FGC;Option;Keyword
INIT;Attribute;Keyword
INIT;Option;Keyword
INPUT-O;Option;Keyword
INPUT-O;Statement;Statement
INSERT-B;Method;Keyword
INSERT-T;Method;Keyword
INT;Function;Keyword
INT;Type;Type
IS-ATTR;Function;Keyword
IS-ATTR;Function;Keyword
IS-CLAS;Attribute;Keyword
KEEP-FRAME-Z;Attribute;Keyword
KEYFUNC;Function;Keyword
KEY-FUNC;Option;Keyword
LABEL-BGC;Attribute;Keyword
LABEL-BGC;Option;Keyword
LABEL-DC;Attribute;Keyword
LABEL-DC;Option;Keyword
LABEL-FGC;Attribute;Keyword
LABEL-FGC;Option;Keyword
LABEL-PFC;Option;Keyword
LANGUAGE;Attribute;Keyword
LANGUAGE;Option;Keyword
LAST-EVEN;Handle;Keyword
LAST-PROCE;Attribute;Keyword
LAST-TAB-I;Attribute;Keyword
LEFT-ALIGN;Option;Keyword
LINE-COUNT;Function;Keyword
LISTI;Option;Keyword
LOAD-MOUSE-P;Method;Keyword
LOG;Function;Keyword
LOG;Type;Type
MARGIN-HEIGHT;Option;Keyword
MARGIN-HEIGHT-P;Option;Keyword
MARGIN-WIDTH;Option;Keyword
MARGIN-WIDTH-P;Option;Keyword
MAX;Function;Keyword
MAX;Option;Keyword
MAX-HEIGHT-C;Attribute;Keyword
MAX-HEIGHT-P;Attribute;Keyword
MAX-VAL;Attribute;Keyword
MAX-VAL;Option;Keyword
MAX-WIDTH;Attribute;Keyword
MAX-WIDTH-P;Attribute;Keyword
MENU-K;Attribute;Keyword
MENU-M;Attribute;Keyword
MIN;Function;Keyword
MIN;Option;Keyword
MIN-COLUMN-WIDTH-C;Attribute;Keyword
MIN-COLUMN-WIDTH-P;Attribute;Keyword
MIN-HEIGHT;Attribute;Keyword
MIN-HEIGHT-P;Attribute;Keyword
MIN-VAL;Attribute;Keyword
MIN-VAL;Option;Keyword
MIN-WIDTH;Attribute;Keyword
MIN-WIDTH-P;Attribute;Keyword
MOD;Operator;Operator
MOUSE-P;Attribute;Keyword
MOUSE-P;Option;Keyword
MOVE-AFTER;Method;Keyword
MOVE-BEFOR;Method;Keyword
MOVE-COL;Method;Keyword
MOVE-TO-B;Method;Keyword
MOVE-TO-T;Method;Keyword
NEXT-TAB-I;Attribute;Keyword
NO-ATTR;Option;Keyword
NO-F;Option;Keyword
NO-INHERIT-BGC;Option;Keyword
NO-INHERIT-FGC;Option;Keyword
NO-LABEL;Option;Keyword
NO-MES;Option;Keyword
NO-PREFE;Option;Keyword
NO-UND;Option;Keyword
NO-VAL;Attribute;Keyword
NO-VAL;Option;Keyword
NUM-ALI;Function;Keyword
NUM-BUT;Attribute;Keyword
NUM-COL;Attribute;Keyword
NUMERIC-F;Attribute;Keyword
NUM-LOCKED-COL;Attribute;Keyword
NUM-SELECTED;Attribute;Keyword
ON-FRAME;Attribute;Keyword
OS-DRIVE;Function;Keyword
PAGE-BOT;Attribute;Keyword
PAGE-BOT;Option;Keyword
PAGE-NUM;Function;Keyword
PAGE-WID;Option;Keyword
PARAM;Attribute;Keyword
PARAM;Option;Keyword
PBE-HASH-ALG;Attribute;Keyword
PERSIST;Attribute;Keyword
PERSIST;Option;Keyword
PFC;Attribute;Keyword
PFC;Option;Keyword
PIXELS-PER-COL;Attribute;Keyword
POPUP-M;Attribute;Keyword
POPUP-O;Attribute;Keyword
PREPROC;Option;Keyword
PRESEL;Option;Keyword
PREV-TAB-I;Attribute;Keyword
PRIVATE-D;Attribute;Keyword
PROCE;Option;Keyword
PROCE;Statement;Statement
PROC-HA;Function;Keyword
PROC-ST;Function;Keyword
PROGRESS-S;Attribute;Keyword
PROMPT-F;Statement;Statement
PROVERS;Function;Keyword
PUT-KEY-VAL;Statement;Statement
RCODE-INFO;Option;Keyword
RECT;Widget;Keyword
RECT;Option;Keyword
RECT;Statement;Statement
RESIZA;Attribute;Keyword
RETURN-ALIGN;Option;Keyword
RETURN-INS;Attribute;Keyword
RETURN-TO-START-DI;Option;Keyword
RETURN-VAL;Attribute;Keyword
RETURN-VAL;Function;Keyword
SAX-COMPLE;Option;Keyword
SCREEN-VAL;Attribute;Keyword
SCROLLBAR-H;Attribute;Keyword
SCROLLBAR-H;Option;Keyword
SCROLLBAR-V;Attribute;Keyword
SCROLLBAR-V;Option;Keyword
SCROLLED-ROW-POS;Option;Keyword
SCROLL-TO-I;Method;Keyword
send-sql;Option;Keyword
SET-BLUE;Method;Keyword
SET-GREEN;Method;Keyword
SET-RED;Method;Keyword
SETUSER;Function;Keyword
SHARE;Option;Keyword
SHOW-STAT;Statement;Statement
SIDE-LAB;Attribute;Keyword
SIDE-LAB;Option;Keyword
SIDE-LABEL-H;Attribute;Keyword
SIZE-C;Option;Keyword
SIZE-P;Option;Keyword
STOPPE;Attribute;Keyword
STORED-PROC;Statement;Statement
SUB-;Widget;Keyword
SUB-;Option;Keyword
SUB-;Statement;Statement
SUB-AVE;Option;Keyword
SUB-MIN;Option;Keyword
SUBST;Function;Keyword
SUBSTR;Function;Keyword
SUBSTR;Statement;Statement
SUM-MAX;Option;Keyword
SUPPRESS-W;Attribute;Keyword
SYSTEM-ALERT;Attribute;Keyword
TEMP-DIR;Attribute;Keyword
TERM;Function;Keyword
TERM;Option;Keyword
TERM;Statement;Statement
TITLE-BGC;Attribute;Keyword
TITLE-DC;Attribute;Keyword
TITLE-FGC;Attribute;Keyword
TITLE-FO;Attribute;Keyword
TRUNC;Function;Keyword
UNBUFF;Option;Keyword
UNDERL;Option;Keyword
UNDERL;Statement;Statement
UNFORM;Option;Keyword
VAR;Option;Keyword
VERT;Option;Keyword
VIRTUAL-HEIGHT;Attribute;Keyword
VIRTUAL-HEIGHT-P;Attribute;Keyword
VIRTUAL-WIDTH;Attribute;Keyword
VIRTUAL-WIDTH-P;Attribute;Keyword
WIDGET-E;Attribute;Keyword
WIDGET-L;Attribute;Keyword
WIDTH-P;Attribute;Keyword
WINDOW-MAXIM;Event;Keyword
WINDOW-STA;Attribute;Keyword
WORK-TAB;Option;Keyword
